Sp_eBird,Sp_BirdLife,Study,Flycatching,Gleaning,Hovering,Pouncing,Probing,Snatching,Air,Bark,Flower,Ground,Leaf,Other,N_BEH,N_SUB,continent,location,zdroj_dat,Order
Ailuroedus melanotis,Ailuroedus melanotis,Crome1978,0,21,0,0,0,0,0,0,0,0,1.05,19.95,21,21,Australia,Northern Queensland,Ulicny,PASSERIFORMES
Aplonis metallica,Aplonis metallica,Crome1978,0,400,0,0,0,0,0,0,0,0,20,380,400,400,Australia,Northern Queensland,Ulicny,PASSERIFORMES
Arses kaupi,Arses kaupi,Crome1978,0.88,0,0,0,0,87.12,0.88,81.84,0,0,5.28,0,88,88,Australia,Northern Queensland,Ulicny,PASSERIFORMES
Cacatua alba,Cacatua alba,Crome1978,0,93,0,0,0,0,0,0,0,0,0,93,93,93,Australia,Northern Queensland,Ulicny,NONPASSERIFORMES
Carterornis leucotis,Monarcha leucotis,Crome1978,1.5,28.5,0,0,0,0,1.5,0,0,0,28.5,0,30,30,Australia,Northern Queensland,Ulicny,PASSERIFORMES
Coracina lineata,Coracina lineata,Crome1978,0,41,0,0,0,0,0,0,0,0,4.1,36.9,41,41,Australia,Northern Queensland,Ulicny,PASSERIFORMES
Dicaeum hirundinaceum,Dicaeum hirundinaceum,Crome1978,0.88,35.64,7.48,0,0,0,0.88,2.2,0,0,18.92,22,44,44,Australia,Northern Queensland,Ulicny,PASSERIFORMES
Eudynamys orientalis,Eudynamys orientalis,Crome1978,0,21,0,0,0,0,0,0,0,0,0,21,21,21,Australia,Northern Queensland,Ulicny,NONPASSERIFORMES
Gerygone palpebrosa,Gerygone palpebrosa,Crome1978,0.8,78.4,0.8,0,0,0,0.8,2.4,0,0,75.2,1.6,80,80,Australia,Northern Queensland,Ulicny,PASSERIFORMES
Lalage leucomela,Lalage leucomela,Crome1978,0,73,0,0,0,0,0,8.76,0,0,35.77,28.47,73,73,Australia,Northern Queensland,Ulicny,PASSERIFORMES
Ptiloris victoriae,Ptiloris victoriae,Crome1978,0,32.25,0,0,10.75,0,0,20.64,0,0,5.16,17.2,43,43,Australia,Northern Queensland,Ulicny,PASSERIFORMES
Myiagra ruficollis,Myiagra ruficollis,Crome1978,3,45,0.75,26.25,0,0,3,0,0,0,71.25,0.75,75,75,Australia,Northern Queensland,Ulicny,PASSERIFORMES
Microptilotis gracilis,Meliphaga gracilis,Crome1978,0,201.6,0,0,0,8.4,0,4.2,37.8,0,105,63,210,210,Australia,Northern Queensland,Ulicny,PASSERIFORMES
Myzomela obscura,Myzomela obscura,Crome1978,0,122.84,25.16,0,0,0,0,1.48,38.48,0,103.6,4.44,148,148,Australia,Northern Queensland,Ulicny,PASSERIFORMES
Orthonyx spaldingii,Orthonyx spaldingii,Crome1978,0,64,0,0,0,0,0,0,0,57.6,1.28,5.12,64,64,Australia,Northern Queensland,Ulicny,PASSERIFORMES
Pachycephala simplex,Pachycephala simplex,Crome1978,1.33,118.37,3.99,9.31,0,0,1.33,11.97,1.33,0,114.38,3.99,133,133,Australia,Northern Queensland,Ulicny,PASSERIFORMES
Pitta versicolor,Pitta versicolor,Crome1978,0,63,0,0,0,0,0,0,0,63,0,0,63,63,Australia,Northern Queensland,Ulicny,PASSERIFORMES
Rhipidura fuliginosa,Rhipidura fuliginosa,Crome1978,17.82,59.94,0,0,0,3.24,17.82,3.24,0,0,59.94,0,81,81,Australia,Northern Queensland,Ulicny,PASSERIFORMES
Rhipidura rufifrons,Rhipidura rufifrons,Crome1978,7.76,178.48,7.76,0,0,0,7.76,9.7,0,31.04,137.74,7.76,194,194,Australia,Northern Queensland,Ulicny,PASSERIFORMES
Sericornis magnirostra,Sericornis magnirostra,Crome1978,0,151,0,0,0,0,0,34.73,0,1.51,83.05,31.71,151,151,Australia,Northern Queensland,Ulicny,PASSERIFORMES
Sphecotheres vieilloti,Sphecotheres vieilloti,Crome1978,0,480,0,0,0,0,0,0,0,0,33.6,446.4,480,480,Australia,Northern Queensland,Ulicny,PASSERIFORMES
Symposiachrus trivirgatus,Monarcha trivirgatus,Crome1978,4.08,195.84,0,4.08,0,0,4.08,20.4,0,0,171.36,8.16,204,204,Australia,Northern Queensland,Ulicny,PASSERIFORMES
Tregellasia capito,Tregellasia capito,Crome1978,2.67,30.26,0,56.07,0,0,2.67,6.23,0,10.68,68.53,0.89,89,89,Australia,Northern Queensland,Ulicny,PASSERIFORMES
Xanthotis macleayanus,Xanthotis macleayanus,Crome1978,2.25,57.75,0,0,15,0,2.25,6,12,0,21.75,33,75,75,Australia,Northern Queensland,Ulicny,PASSERIFORMES
Zosterops lateralis,Zosterops lateralis,Crome1978,0,47,0,0,0,0,0,0,0,0,41.36,5.64,47,47,Australia,Northern Queensland,Ulicny,PASSERIFORMES
Ptilinopus magnificus,Ptilinopus magnificus,Frith1984,0,17,0,0,0,0,0,0,0,0,0,17,17,17,Australia,Northern Queensland,Ulicny,NONPASSERIFORMES
Macropygia amboinensis,Macropygia amboinensis,Frith1984,0,10,0,0,0,0,0,0,0,1,0,9,10,10,Australia,Northern Queensland,Ulicny,NONPASSERIFORMES
Platycercus elegans,Platycercus elegans,Frith1984,0,28,0,0,0,0,0,0,0,0,0,28,28,28,Australia,Northern Queensland,Ulicny,NONPASSERIFORMES
Coracina lineata,Coracina lineata,Frith1984,0,10,0,0,0,0,0,0,0,0,0,10,10,10,Australia,Northern Queensland,Ulicny,PASSERIFORMES
Meliphaga lewinii,Meliphaga lewinii,Frith1984,0,10,0,0,0,0,0,0,4,0,6,0,10,10,Australia,Northern Queensland,Ulicny,PASSERIFORMES
Bolemoreus frenatus,Lichenostomus frenatus,Frith1984,1.016,121.92,1.016,3.048,0,0,2.032,2.032,50.927,2.032,62.992,6.985,127,127,Australia,Northern Queensland,Ulicny,PASSERIFORMES
Acanthorhynchus tenuirostris,Acanthorhynchus tenuirostris,Frith1984,1,9,0,0,0,0,1,0,4,0,4,1,10,10,Australia,Northern Queensland,Ulicny,PASSERIFORMES
Neochmia temporalis,Neochmia temporalis,Frith1984,0,28.017,0,4.983,36.01,0,0,0,0,0,0,33,69.01,33,Australia,Northern Queensland,Ulicny,PASSERIFORMES
Ptiloris victoriae,Ptiloris victoriae,Frith1984,0,28.99,0,0,0,0,0,36.01,2.015,0.975,5.005,20.995,28.99,65,Australia,Northern Queensland,Ulicny,PASSERIFORMES
Tregellasia capito,Tregellasia capito,Frith1984,7.035,12.985,1.995,12.985,0,0,7,9.03,0,3.01,15.96,0,35,35,Australia,Northern Queensland,Ulicny,PASSERIFORMES
Pachycephala pectoralis,Pachycephala pectoralis,Frith1984,6.03,52.997,0,7.973,0,0,3.015,9.045,0,0,53.935,1.005,67,67,Australia,Northern Queensland,Ulicny,PASSERIFORMES
Colluricincla boweri,Colluricincla boweri,Frith1984,0,81.005,0,3.995,0,0,0,8.075,0,2.04,74.885,0,85,85,Australia,Northern Queensland,Ulicny,PASSERIFORMES
Rhipidura rufifrons,Rhipidura rufifrons,Frith1984,12.975,58.05,0,3.975,0,0,12.975,6,0,3.975,52.05,0,75,75,Australia,Northern Queensland,Ulicny,PASSERIFORMES
Rhipidura fuliginosa,Rhipidura fuliginosa,Frith1984,366.553,136.488,1.034,12.925,0,0,387.75,9.2026,2.068,4.9632,113.0162,0,517,517,Australia,Northern Queensland,Ulicny,PASSERIFORMES
Sericornis magnirostra,Sericornis magnirostra,Frith1984,0,198.85,2.05,4.1,0,0,1.025,35.26,0,4.1,164.615,0,205,205,Australia,Northern Queensland,Ulicny,PASSERIFORMES
Gerygone mouki,Gerygone mouki,Frith1984,1.06,181.048,8.48,26.924,0,0,0,3.816,0,0,204.156,4.028,217.512,212,Australia,Northern Queensland,Ulicny,PASSERIFORMES
Climacteris picumnus,Climacteris picumnus,Frith1984,0,20.01,0,0,0,37.99,0,58,0,0,0,0,58,58,Australia,Northern Queensland,Ulicny,PASSERIFORMES
Alectura lathami,Alectura lathami,Frith1984,0,13,0,0,0,0,0,0,0,10.998,0,2.002,13,13,Australia,Northern Queensland,Ulicny,NONPASSERIFORMES
Heteromyias albispecularis,Heteromyias albispecularis,Frith1984,0,1.98,0,53.02,0,0,0,1.98,0,53.02,0,0,55,55,Australia,Northern Queensland,Ulicny,PASSERIFORMES
Orthonyx spaldingii,Orthonyx spaldingii,Frith1984,0,200,0,0,0,0,0,0,0,200,0,0,200,200,Australia,Northern Queensland,Ulicny,PASSERIFORMES
Psophodes olivaceus,Psophodes olivaceus,Frith1984,0,51,0,0,0,0,0,4.998,0,40.035,5.967,0,51,51,Australia,Northern Queensland,Ulicny,PASSERIFORMES
Oreoscopus gutturalis,Oreoscopus gutturalis,Frith1984,0,11,0,0,0,0,0,1.21,0,9.79,0,0,11,11,Australia,Northern Queensland,Ulicny,PASSERIFORMES
Sericornis citreogularis,Sericornis citreogularis,Frith1984,0.972,484.056,0,0.972,,0,0.972,20.898,0,451.98,12.15,0,486,486,Australia,Northern Queensland,Ulicny,PASSERIFORMES
Junco hyemalis,Junco hyemalis,Holmes1979,28.875,223.875,89.625,,32.25,,28.875,21.75,,145.125,178.875,,375,375,North_America,New Hampshire,Ulicny,PASSERIFORMES
Catharus guttatus,Catharus guttatus,Holmes1979,18.054,70.977,36.993,,51.153,,18.054,21.063,,86.022,52.038,,177,177,North_America,New Hampshire,Ulicny,PASSERIFORMES
Catharus ustulatus,Catharus ustulatus,Holmes1979,14.104,134.16,115.928,,79.808,,14.104,30.96,,181.976,116.96,,344,344,North_America,New Hampshire,Ulicny,PASSERIFORMES
Troglodytes troglodytes,Troglodytes troglodytes,Holmes1979,16.038,134.622,18.954,,73.143,,16.038,116.397,,47.142,63.18,,243,243,North_America,New Hampshire,Ulicny,PASSERIFORMES
Seiurus aurocapilla,Seiurus aurocapilla,Holmes1979,6.06,241.996,68.68,,87.264,,6.06,24.644,,257.348,115.948,,404,404,North_America,New Hampshire,Ulicny,PASSERIFORMES
Catharus fuscescens,Catharus fuscescens,Holmes1979,0,57.876,36.994,,10.918,,0,7.844,,56.922,41.022,,106,106,North_America,New Hampshire,Ulicny,PASSERIFORMES
Hylocichla mustelina,Hylocichla mustelina,Holmes1979,3.088,31.073,11.001,,147.838,,3.088,12.931,,159.997,16.984,,193,193,North_America,New Hampshire,Ulicny,PASSERIFORMES
Dryobates villosus,Picoides villosus,Holmes1979,0,3.993,0,,117.007,,0,121,,0,0,,121,121,North_America,New Hampshire,Ulicny,NONPASSERIFORMES
Sphyrapicus varius,Sphyrapicus varius,Holmes1979,15.041,65.065,9.971,,79.092,,15.041,143.143,,0,10.985,,169,169,North_America,New Hampshire,Ulicny,NONPASSERIFORMES
Dryobates pubescens,Picoides pubescens,Holmes1979,0,54.054,0.945,,134.001,,0,187.11,,0.945,0.945,,189,189,North_America,New Hampshire,Ulicny,NONPASSERIFORMES
Sitta carolinensis,Sitta carolinensis,Holmes1979,7.98,188.955,0,,88.065,,7.98,277.02,,0,0,,285,285,North_America,New Hampshire,Ulicny,PASSERIFORMES
Vireo solitarius,Vireo solitarius,Holmes1979,2.964,34.998,75.924,,0,,2.964,74.898,,0,36.024,,114,114,North_America,New Hampshire,Ulicny,PASSERIFORMES
Setophaga fusca,Dendroica fusca,Holmes1979,50.16,378.48,142.5,,0,,50.16,82.08,,0,438.9,,570,570,North_America,New Hampshire,Ulicny,PASSERIFORMES
Poecile atricapillus,Parus atricapillus,Holmes1979,13.079,391.919,45.1,,0.902,,13.079,262.482,,3.157,172.282,,451,451,North_America,New Hampshire,Ulicny,PASSERIFORMES
Setophaga virens,Dendroica virens,Holmes1979,66.918,309.349,210.146,,1.174,,66.918,81.006,,5.87,433.793,,587,587,North_America,New Hampshire,Ulicny,PASSERIFORMES
Vireo olivaceus,Vireo olivaceus,Holmes1979,120.33,617.121,979.83,,0,,120.33,163.305,,0,1433.646,,1719,1719,North_America,New Hampshire,Ulicny,PASSERIFORMES
Vireo philadelphicus,Vireo philadelphicus,Holmes1979,37.052,157.628,432.692,,0,,37.052,65.94,,1.884,522.496,,628,628,North_America,New Hampshire,Ulicny,PASSERIFORMES
Pheucticus ludovicianus,Pheucticus ludovicianus,Holmes1979,24.948,210.924,142.128,,0,,24.948,61.992,,4.158,286.902,,378,378,North_America,New Hampshire,Ulicny,PASSERIFORMES
Piranga olivacea,Piranga olivacea,Holmes1979,50.094,53.82,102.879,,0,,50.094,41.814,,1.035,113.85,,207,207,North_America,New Hampshire,Ulicny,PASSERIFORMES
Empidonax minimus,Empidonax minimus,Holmes1979,132.153,18.27,459.186,,0,,132.153,13.398,,0,464.058,,609,609,North_America,New Hampshire,Ulicny,PASSERIFORMES
Setophaga ruticilla,Setophaga ruticilla,Holmes1979,359.562,220.14,642.075,,0,,359.562,55.035,,3.669,803.511,,1223,1223,North_America,New Hampshire,Ulicny,PASSERIFORMES
Setophaga caerulescens,Dendroica caerulescens,Holmes1979,21.037,69.094,99.009,,4.053,,21.037,20.072,,0,152.084,,193,193,North_America,New Hampshire,Ulicny,PASSERIFORMES
Climacteris picumnus,Climacteris picumnus,Antos2006,0,495.88,0,0,148.12,0,0,315.56,0,315.56,0,12.88,644,644,Australia,Victoria,Ulicny,PASSERIFORMES
Acanthiza uropygialis,Acanthiza uropygialis,Antos2006,0,114.84,0,0,1.16,0,0,31.32,0,42.92,17.4,23.2,116,114.84,Australia,Victoria,Ulicny,PASSERIFORMES
Stagonopleura guttata,Stagonopleura guttata,Antos2006,0,185,0,0,0,0,0,1.85,0,168.35,0,14.8,185,185,Australia,Victoria,Ulicny,PASSERIFORMES
Melanodryas cucullata,Melanodryas cucullata,Antos2006,0,6.27,0,198.55,0,4.18,0,8.36,0,196.46,0,4.18,209,209,Australia,Victoria,Ulicny,PASSERIFORMES
Microeca fascinans,Microeca fascinans,Antos2006,31.08,8.88,0,146.52,2.22,33.3,26.64,19.98,0,157.62,4.44,13.32,222,222,Australia,Victoria,Ulicny,PASSERIFORMES
Petroica goodenovii,Petroica goodenovii,Antos2006,14.37,57.48,0,378.41,0,28.74,14.37,38.32,0,402.36,0,23.95,479,479,Australia,Victoria,Ulicny,PASSERIFORMES
Petroica multicolor,Petroica multicolor,Antos2006,2.61,1.74,0,75.69,0,6.96,2.61,7.83,0,73.95,0,2.61,87,87,Australia,Victoria,Ulicny,PASSERIFORMES
Aphelocephala leucopsis,Aphelocephala leucopsis,Antos2006,0,125,0,0,0,0,0,12.5,0,81.25,3.75,27.5,125,125,Australia,Victoria,Ulicny,PASSERIFORMES
Malurus cyaneus,Malurus cyaneus,Antos2006,0,295.02,0,2.98,0,0,0,35.76,0,211.58,32.78,17.88,298,298,Australia,Victoria,Ulicny,PASSERIFORMES
Pomatostomus superciliosus,Pomatostomus superciliosus,Antos2006,0,85.32,0,0,72.68,0,0,37.92,0,110.6,0,9.48,158,158,Australia,Victoria,Ulicny,PASSERIFORMES
Rhipidura leucophrys,Rhipidura leucophrys,Antos2006,32.48,131.95,0,30.45,0,8.12,32.48,18.27,0,146.16,0,6.09,203,203,Australia,Victoria,Ulicny,PASSERIFORMES
Corcorax melanorhamphos,Corcorax melanorhamphos,Antos2006,0,14.97,0,0,484.03,0,0,0,0,499,0,0,499,499,Australia,Victoria,Ulicny,PASSERIFORMES
Acanthiza chrysorrhoa,Acanthiza chrysorrhoa,Antos2006,0,208,0,0,0,0,0,10.4,0,185.12,0,12.48,208,208,Australia,Victoria,Ulicny,PASSERIFORMES
Gerygone chloronota,Gerygone chloronota,Mohd-Azlan2014,0,9.96,0,0,0,2.04,0,3,0,0,9,,12,12,Australia,North Australia,Ulicny,PASSERIFORMES
Gerygone magnirostris,Gerygone magnirostris,Mohd-Azlan2014,1.54,129.36,3.08,0,0,20.02,0,27.72,0,1.54,124.74,,154,154,Australia,North Australia,Ulicny,PASSERIFORMES
Gerygone magnirostris,Gerygone magnirostris,Mohd-Azlan2014,1.03,94.76,0,0,0,7.21,1.03,10.3,0,0,91.67,,103,103,Australia,North Australia,Ulicny,PASSERIFORMES
Conopophila albogularis,Conopophila albogularis,Mohd-Azlan2014,0.94,60.16,0,0.94,28.2,2.82,0.94,16.92,0,0,76.14,,93.06,94,Australia,North Australia,Ulicny,PASSERIFORMES
Stomiopera unicolor,Lichenostomus unicolor,Mohd-Azlan2014,0,26.46,1.08,0,23.76,3.24,2.16,28.08,0,0,23.76,,54.54,54,Australia,North Australia,Ulicny,PASSERIFORMES
Zosterops luteus,Zosterops luteus,Mohd-Azlan2014,0,100.44,0,1.08,5.4,2.16,0,19.44,0,0,88.56,,109.08,108,Australia,North Australia,Ulicny,PASSERIFORMES
Lalage leucomela,Lalage leucomela,Mohd-Azlan2014,0,10.78,0,0,0,3.22,0,11.06,0,0,2.94,,14,14,Australia,North Australia,Ulicny,PASSERIFORMES
Rhipidura rufifrons,Rhipidura rufifrons,Mohd-Azlan2014,0,0,1,0,0,9,0,5,0,0,5,,10,10,Australia,North Australia,Ulicny,PASSERIFORMES
Myiagra ruficollis,Myiagra ruficollis,Mohd-Azlan2014,0,2.88,1.92,0,0,43.2,0,34.08,0,0.96,12.96,,48,48,Australia,North Australia,Ulicny,PASSERIFORMES
Pachycephala simplex,Pachycephala simplex,Mohd-Azlan2014,0,18.8,0,0.94,0,27.26,0,25.38,0,0,22.09,,47,47.47,Australia,North Australia,Ulicny,PASSERIFORMES
Microeca flavigaster,Microeca flavigaster,Mohd-Azlan2014,1.32,10.56,1.98,0,1.32,51.48,3.3,45.54,0,1.98,15.84,,66.66,66.66,Australia,North Australia,Ulicny,PASSERIFORMES
Chrysococcyx minutillus,Chrysococcyx minutillus,Mohd-Azlan2014,0,4.8,0,1.6,0,9.6,0,12.96,0,0,3.04,,16,16,Australia,North Australia,Ulicny,NONPASSERIFORMES
Pachycephala melanura,Pachycephala melanura,Mohd-Azlan2014,0,7.04,0,0,0,3.96,0,6.93,0,0,3.96,,11,10.89,Australia,North Australia,Ulicny,PASSERIFORMES
Eopsaltria pulverulenta,Eopsaltria pulverulenta,Mohd-Azlan2014,0,0.96,0,5.04,0,6,0,10.08,0,2.04,0,,12,12.12,Australia,North Australia,Ulicny,PASSERIFORMES
Rhipidura rufiventris,Rhipidura rufiventris,Mohd-Azlan2014,0,0.88,0,0,3.08,40.04,0.88,34.32,0,0,8.8,,44,44,Australia,North Australia,Ulicny,PASSERIFORMES
Myiagra alecto,Myiagra alecto,Mohd-Azlan2014,7.5,8.5,0,13.5,1,20,7,27,0,16,0,,50.5,50,Australia,North Australia,Ulicny,PASSERIFORMES
Merops ornatus,Merops ornatus,Mohd-Azlan2014,1.24,1.24,0,0,0,28.21,13.02,16.12,0,0.93,0.93,,30.69,31,Australia,North Australia,Ulicny,NONPASSERIFORMES
Lichmera indistincta,Lichmera indistincta,Mohd-Azlan2014,0,60.95,7.95,0,188.15,7.95,0,34.45,0,0,227.9,,265,262.35,Australia,North Australia,Ulicny,PASSERIFORMES
Philemon buceroides,Philemon buceroides,Mohd-Azlan2014,0,4,0,0,19,2,0,19,0,0,6,,25,25,Australia,North Australia,Ulicny,PASSERIFORMES
Myzomela erythrocephala,Myzomela erythrocephala,Mohd-Azlan2014,0,119.5,9.56,0,339.38,4.78,4.78,52.58,0,0,420.64,,473.22,478,Australia,North Australia,Ulicny,PASSERIFORMES
Melanerpes formicivorus,Melanerpes formicivorus,Landres1980,0,35.898,0,20.072,330.03,,15.826,351.26,0,4.246,14.668,0,386,386,North_America,Sonora,Ulicny,NONPASSERIFORMES
Sitta carolinensis,Sitta carolinensis,Landres1980,0,212.8,0,2.1,135.1,,0,341.95,0,8.05,0,0,350,350,North_America,Sonora,Ulicny,PASSERIFORMES
Thryomanes bewickii,Thryomanes bewickii,Landres1980,0,226.395,0,0,124.605,,0,281.502,0,54.756,14.742,0,351,351,North_America,Sonora,Ulicny,PASSERIFORMES
Icterus parisorum,Icterus parisorum,Landres1980,0,72.065,0,0,72.935,,0,111.94,0,0,33.06,0,145,145,North_America,Sonora,Ulicny,PASSERIFORMES
Baeolophus wollweberi,Baeolophus wollweberi,Landres1980,0,342.72,0,14.28,0,,0,112.098,0,13.923,230.979,0,357,357,North_America,Sonora,Ulicny,PASSERIFORMES
Psaltriparus minimus,Psaltriparus minimus,Landres1980,0,235,0,0,0,,0,58.985,0,0,176.015,0,235,235,North_America,Sonora,Ulicny,PASSERIFORMES
Leiothlypis luciae,Vermivora luciae,Landres1980,0,202.368,0,0,1.632,,0,6.12,0,0,197.88,0,204,204,North_America,Sonora,Ulicny,PASSERIFORMES
Myiarchus cinerascens,Myiarchus cinerascens,Landres1980,0,0,0,185,0,,59.94,0,0,125.06,0,0,185,185,North_America,Sonora,Ulicny,PASSERIFORMES
Sialia sialis,Sialia sialis,Landres1980,0,0.972,0,161.028,0,,1.944,0.972,0,159.084,0,0,162,162,North_America,Sonora,Ulicny,PASSERIFORMES
Empidonax oberholseri,Empidonax oberholseri,Landres1980,0,0,0,217,0,,103.292,5.642,0,77.035,31.031,0,217,217,North_America,Sonora,Ulicny,PASSERIFORMES
Pyrocephalus rubinus,Pyrocephalus rubinus,Landres1980,0,0,0,235,0,,163.09,0,0,71.91,0,0,235,235,North_America,Sonora,Ulicny,PASSERIFORMES
Tyrannus vociferans,Tyrannus vociferans,Landres1980,0,0,0,178.974,4.026,,152.988,0,0,15.921,14.091,0,183,183,North_America,Sonora,Ulicny,PASSERIFORMES
Melanerpes formicivorus,Melanerpes formicivorus,Landres1983,0,38.817,0,1118.43,1353.01,0,1093.34,1391.872,0,1.252,12.52,0,2510.257,2498.984,North_America,Sonora,Ulicny,NONPASSERIFORMES
Melanerpes uropygialis,Melanerpes uropygialis,Landres1983,0,26.91,0,0,870.09,0,0,897.897,0,0,0.897,0,897,898.794,North_America,Sonora,Ulicny,NONPASSERIFORMES
Dryobates scalaris,Picoides scalaris,Landres1983,0,37.8,0,0,214.2,0,0,252,0,0,0,0,252,252,North_America,Sonora,Ulicny,NONPASSERIFORMES
Dryobates arizonae,Picoides arizonae,Landres1983,0,61.95,0,0,233.05,0,0,262.55,0,0,32.45,0,295,295,North_America,Sonora,Ulicny,NONPASSERIFORMES
Dryobates nuttallii,Picoides nuttallii,Landres1983,0,233.1,0,0.666,432.9,0,0.666,652.68,0,0,13.32,0,666.666,666.666,North_America,Sonora,Ulicny,NONPASSERIFORMES
Sitta carolinensis,Sitta carolinensis,Landres1983,0,1415.45,0,43.436,1291.46,0,42.09,2706.91,0,1.346,0,0,2749,2750.346,North_America,Sonora,Ulicny,PASSERIFORMES
Icterus parisorum,Icterus parisorum,Landres1983,0,427.8,0,0,285.2,0,0,471.293,0,0,235.29,0,713,706.583,North_America,Sonora,Ulicny,PASSERIFORMES
Icterus bullockii,Icterus bullockii,Landres1983,0,966.12,0,0.996,19.92,0,0,429.276,0,99.6,458.16,0,987.036,987.036,North_America,Sonora,Ulicny,PASSERIFORMES
Thryomanes bewickii,Thryomanes bewickii,Landres1983,0,776.62,0,0,562.38,0,0,1017.64,0,227.63,93.73,0,1339,1339,North_America,Sonora,Ulicny,PASSERIFORMES
Baeolophus wollweberi,Baeolophus wollweberi,Landres1983,0,1315.32,0,13.56,27.12,0,0,381.036,0,13.56,962.76,0,1356,1357.356,North_America,Sonora,Ulicny,PASSERIFORMES
Baeolophus inornatus,Baeolophus inornatus,Landres1983,0,1187.72,0,38.73,64.55,0,1.291,580.95,0,64.55,645.5,0,1291,1292.291,North_America,Sonora,Ulicny,PASSERIFORMES
Psaltriparus minimus,Psaltriparus minimus,Landres1983,0,1075.95,0,5.4,6.225,0,0.27,224.4,0,0,870.6,0,1086.75,1095.27,North_America,Sonora,Ulicny,PASSERIFORMES
Polioptila caerulea,Polioptila caerulea,Landres1983,0,1015.15,0,269.85,0,0,179.9,104.085,0,1.285,989.45,0,1285,1274.72,North_America,Sonora,Ulicny,PASSERIFORMES
Vireo gilvus,Vireo gilvus,Landres1983,0,748.66,0,144.32,0.902,0,45.1,126.28,0,0,730.62,0,893.882,902,North_America,Sonora,Ulicny,PASSERIFORMES
Leiothlypis luciae,Vermivora luciae,Landres1983,0,1119.38,0,23.08,1.154,0,23.08,80.78,0,0,1050.14,0,1142.46,1154,North_America,Sonora,Ulicny,PASSERIFORMES
Tyrannus vociferans,Tyrannus vociferans,Landres1983,0,0,0,1168,1.168,0,1016.16,0,0,128.48,23.36,0,1168,1168,North_America,Sonora,Ulicny,PASSERIFORMES
Myiarchus cinerascens,Myiarchus cinerascens,Landres1983,0,11.4,0,1724.6,0,0,950.16,59.332,0,593.84,129.04,0,1736,1732.372,North_America,Sonora,Ulicny,PASSERIFORMES
Empidonax oberholseri,Empidonax oberholseri,Landres1983,0,0,0,1199,0,0,647.46,14.388,0,455.62,83.93,0,1199,1201.398,North_America,Sonora,Ulicny,PASSERIFORMES
Pyrocephalus rubinus,Pyrocephalus rubinus,Landres1983,0,0,0,1175,0,0,681.5,1.175,0,493.5,1.175,0,1175,1177.35,North_America,Sonora,Ulicny,PASSERIFORMES
Sialia sialis,Sialia sialis,Landres1983,0,10.15,0,1004.85,0,0,50.75,3.045,0,943.95,20.3,0,1015,1018.045,North_America,Sonora,Ulicny,PASSERIFORMES
Sialia mexicana,Sialia mexicana,Landres1983,0,0,0,1348,0,0,188.72,0,0,1105.36,53.92,0,1348,1348,North_America,Sonora,Ulicny,PASSERIFORMES
Myzomela erythrocephala,Myzomela erythrocephala,Noske1996,3.128,55.131,1.173,,331.959,0,3.128,0,331.959,0,55.913,0,391.391,391,Australia,Northern Territory,Ulicny,PASSERIFORMES
Lichmera indistincta,Lichmera indistincta,Noske1996,0,8.97,2.964,,65.988,0,0,0,65.988,0,12.012,0,77.922,78,Australia,Northern Territory,Ulicny,PASSERIFORMES
Zosterops luteus,Zosterops luteus,Noske1996,0,102.049,0,,28.951,0,0,3.024,29.052,0,76.032,0,131,108.108,Australia,Northern Territory,Ulicny,PASSERIFORMES
Gerygone magnirostris,Gerygone magnirostris,Noske1996,0,46.002,5.986,,0,30.012,0,2.001,0,0,66.999,0,82,69,Australia,Northern Territory,Ulicny,PASSERIFORMES
Gerygone levigaster,Gerygone levigaster,Noske1996,0,38.016,2.016,,0,8.016,0,0.98,0,0,48.02,0,48.048,49,Australia,Northern Territory,Ulicny,PASSERIFORMES
Gerygone chloronota,Gerygone chloronota,Noske1996,0,23.004,2.988,,0,10.008,0,0,0,0,33,0,36,33,Australia,Northern Territory,Ulicny,PASSERIFORMES
Pachycephala simplex,Pachycephala simplex,Noske1996,0,8.993,2.001,,0,12.006,0,4.998,0,0,16.002,0,23,21,Australia,Northern Territory,Ulicny,PASSERIFORMES
Myiagra alecto,Myiagra alecto,Noske1996,1.001,7.995,0,,0,4.004,0.99,0.99,0,15.994,4.004,0,13,21.978,Australia,Northern Territory,Ulicny,PASSERIFORMES
Eopsaltria pulverulenta,Eopsaltria pulverulenta,Noske1996,0,11.998,0,,2.002,0,0,3,0,17,0,0,14,20,Australia,Northern Territory,Ulicny,PASSERIFORMES
Rhipidura rufiventris,Rhipidura rufiventris,Noske1996,14.008,0,1.003,,0,2.006,13.005,0,0,0,3.995,0,17.017,17,Australia,Northern Territory,Ulicny,PASSERIFORMES
Rhipidura phasiana,Rhipidura phasiana,Noske1996,13.005,0,0,,0,1.995,13.005,0,0,0,1.995,0,15,15,Australia,Northern Territory,Ulicny,PASSERIFORMES
Myiagra ruficollis,Myiagra ruficollis,Noske1996,4,2,2,,0,17,4.992,1.008,0,1.992,16.008,0,25,24,Australia,Northern Territory,Ulicny,PASSERIFORMES
Myiagra rubecula,Myiagra rubecula,Noske1996,2.002,0,6.006,,0,5.005,2.996,0,0,0,11.004,0,13.013,14,Australia,Northern Territory,Ulicny,PASSERIFORMES
Dicrurus leucophaeus,Dicrurus leucophaeus,Thivyanathan2016,25.08,7.92,0,0,0,0,25.08,0,7.92,0,0,0,33,33,Asia,India,Ulicny,PASSERIFORMES
Terpsiphone paradisi,Terpsiphone paradisi,Thivyanathan2016,82,0,0,0,0,0,72.16,0,0,0,9.84,0,82,82,Asia,India,Ulicny,PASSERIFORMES
Hypsipetes leucocephalus,Hypsipetes leucocephalus,Thivyanathan2016,0,74,0,0,0,0,0,37,0,0,33.3,3.7,74,74,Asia,India,Ulicny,PASSERIFORMES
Dicrurus macrocercus,Dicrurus macrocercus,Thivyanathan2016,73,0,0,0,0,0,70.81,0,0,0,0.73,0,73,71.54,Asia,India,Ulicny,PASSERIFORMES
Oriolus xanthornus,Oriolus xanthornus,Thivyanathan2016,0,34.03,0,6.97,0,0,0,40.18,0,0,0,0.82,41,41,Asia,India,Ulicny,PASSERIFORMES
Psittacula roseata,Psittacula roseata,Thivyanathan2016,0,45,0,0,0,0,0,0,3.15,0,0,41.85,45,45,Asia,India,Ulicny,NONPASSERIFORMES
Phaenicophaeus viridirostris,Phaenicophaeus viridirostris,Thivyanathan2016,0,73.26,0,0,0.74,0,0,31.82,0,17.76,6.66,17.02,74,73.26,Asia,India,Ulicny,NONPASSERIFORMES
Chloropsis cochinchinensis,Chloropsis cochinchinensis,Thivyanathan2016,0,115,0,0,0,0,0,19.55,23,0,64.4,9.2,115,116.15,Asia,India,Ulicny,PASSERIFORMES
Phylloscopus reguloides,Phylloscopus reguloides,Thivyanathan2016,0,128,0,0,0,0,0,56.32,0,0,71.68,0,128,128,Asia,India,Ulicny,PASSERIFORMES
Psilopogon zeylanicus,Megalaima zeylanica,Thivyanathan2016,0,31,0,0,0,0,0,1.86,0,0,1.86,26.97,31,30.69,Asia,India,Ulicny,NONPASSERIFORMES
Merops leschenaulti,Merops leschenaulti,Thivyanathan2016,56,0,0,0,0,0,49.28,0,0,0,7.28,0,56,56.56,Asia,India,Ulicny,NONPASSERIFORMES
Upupa epops,Upupa epops,Thivyanathan2016,0,25.9,0,0,9.1,0,0,3.15,0,31.85,0,0,35,35,Asia,India,Ulicny,NONPASSERIFORMES
Aegithina tiphia,Aegithina tiphia,Thivyanathan2016,0,368,0,0,0,0,0,264.96,0,0,99.36,0,368,364.32,Asia,India,Ulicny,PASSERIFORMES
Orthotomus sutorius,Orthotomus sutorius,Thivyanathan2016,0,40,0,0,0,0,0,23.2,0,1.2,14,2,40,40.4,Asia,India,Ulicny,PASSERIFORMES
Merops orientalis,Merops orientalis,Thivyanathan2016,42,0,0,0,0,0,33.18,0,0,0,8.82,0,42,42,Asia,India,Ulicny,NONPASSERIFORMES
Phylloscopus trochiloides,Phylloscopus trochiloides,Thivyanathan2016,0,159,0,0,0,0,0,116.07,0,0,42.93,0,159,159,Asia,India,Ulicny,PASSERIFORMES
Gallus sonneratii,Gallus sonneratii,Thivyanathan2016,0,89.3,0,0,4.7,0,0,0,0,91.18,2.82,0,94,94,Asia,India,Ulicny,NONPASSERIFORMES
Pavo cristatus,Pavo cristatus,Thivyanathan2016,0,24.12,0,0,11.88,0,0,0,0,26.64,1.08,8.28,36,36,Asia,India,Ulicny,NONPASSERIFORMES
Argya striata,Turdoides striata,Thivyanathan2016,0,240,0,0,0,0,0,45.6,0,194.4,0,0,240,240,Asia,India,Ulicny,PASSERIFORMES
Acridotheres fuscus,Acridotheres fuscus,Thivyanathan2016,0,69.84,0,0,2.16,0,0,2.16,38.16,28.08,0,4.32,72,72.72,Asia,India,Ulicny,PASSERIFORMES
Phylloscopus magnirostris,Phylloscopus magnirostris,Thivyanathan2016,0,147,0,0,0,0,0,14.7,0,0,132.3,0,147,147,Asia,India,Ulicny,PASSERIFORMES
Cinnyris lotenius,Nectarinia lotenia,Thivyanathan2016,0,90,0,0,0,0,0,5.4,83.7,0,0,0.9,90,90,Asia,India,Ulicny,PASSERIFORMES
Psittacula columboides,Psittacula columboides,Thivyanathan2016,0,225,0,0,0,0,0,0,4.5,0,0,220.5,225,225,Asia,India,Ulicny,NONPASSERIFORMES
Dicaeum erythrorhynchos,Dicaeum erythrorhynchos,Thivyanathan2016,0,124,0,0,0,0,0,26.04,79.36,0,18.6,0,124,124,Asia,India,Ulicny,PASSERIFORMES
Dicaeum concolor,Dicaeum concolor,Thivyanathan2016,0,74,0,0,0,0,0,29.6,10.36,0,34.04,0,74,74,Asia,India,Ulicny,PASSERIFORMES
Cinnyris asiaticus,Nectarinia asiatica,Thivyanathan2016,0,57,0,0,0,0,0,6.27,42.18,0,9.12,0,57,57.57,Asia,India,Ulicny,PASSERIFORMES
Leptocoma zeylonica,Nectarinia zeylonica,Thivyanathan2016,0,361,0,0,0,0,0,25.27,314.07,0,18.05,3.61,361,361,Asia,India,Ulicny,PASSERIFORMES
Cecropis daurica,Hirundo daurica,Thivyanathan2016,0,0,49,0,0,0,49,0,0,0,0,0,49,49,Asia,India,Ulicny,PASSERIFORMES
Pycnonotus cafer,Pycnonotus cafer,Thivyanathan2016,0,100.98,0,1.02,0,0,0,24.48,0,2.04,4.08,72.42,102,103.02,Asia,India,Ulicny,PASSERIFORMES
Pycnonotus jocosus,Pycnonotus jocosus,Thivyanathan2016,0,84,0,0,0,0,0,23.52,0,0.84,0.84,58.8,84,84,Asia,India,Ulicny,PASSERIFORMES
Picus xanthopygaeus,Picus xanthopygaeus,Thivyanathan2016,0,19.88,0,0,8.12,0,0,28,0,0,0,0,28,28,Asia,India,Ulicny,NONPASSERIFORMES
Dumetia hyperythra,Dumetia hyperythra,Thivyanathan2016,0,125,0,0,0,0,0,106.25,0,0,17.5,1.25,125,125,Asia,India,Ulicny,PASSERIFORMES
Loriculus vernalis,Loriculus vernalis,Thivyanathan2016,0,53,0,0,0,0,0,0,53,0,0,0,53,53,Asia,India,Ulicny,NONPASSERIFORMES
Dicrurus caerulescens,Dicrurus caerulescens,Thivyanathan2016,103,0,0,0,0,0,100.94,0,0,0,2.06,0,103,103,Asia,India,Ulicny,PASSERIFORMES
Pycnonotus luteolus,Pycnonotus luteolus,Thivyanathan2016,16.65,316.35,0,0,0,0,16.65,49.95,0,6.66,3.33,256.41,333,333,Asia,India,Ulicny,PASSERIFORMES
Argya affinis,Turdoides affinis,Thivyanathan2016,0,189,0,0,0,0,0,3.78,0,183.33,1.89,0,189,189,Asia,India,Ulicny,PASSERIFORMES
Aegithalos caudatus,Aegithalos caudatus,Carrascal1987,0,0,0,0,0,0,6.63,148.07,0,2.21,66.3,0,0,223.21,Europe,Spain,Ulicny,PASSERIFORMES
Carduelis citrinella,Carduelis citrinella,Carrascal1987,0,0,0,0,0,0,1.4,5.6,0,131.6,0,1.4,0,140,Europe,Spain,Ulicny,PASSERIFORMES
Spinus spinus,Carduelis spinus,Carrascal1987,0,0,0,0,0,0,0,11.34,0,26.04,3.78,0.84,0,42,Europe,Spain,Ulicny,PASSERIFORMES
Certhia brachydactyla,Certhia brachydactyla,Carrascal1987,0,0,0,0,0,0,6.21,423.58,0,4.36,3.7,0,0,437.85,Europe,Spain,Ulicny,PASSERIFORMES
Dendrocopos major,Dendrocopos major,Carrascal1987,0,0,0,0,0,0,0,243.8,0,21.2,0,2.65,0,267.65,Europe,Spain,Ulicny,NONPASSERIFORMES
Erithacus rubecula,Erithacus rubecula,Carrascal1987,0,0,0,0,0,0,1.98,1,0,34.02,2,0,0,39,Europe,Spain,Ulicny,PASSERIFORMES
Ficedula hypoleuca,Ficedula hypoleuca,Carrascal1987,0,0,0,0,0,0,57.11,10.76,0,2.92,4.74,0,0,75.53,Europe,Spain,Ulicny,PASSERIFORMES
Fringilla coelebs,Fringilla coelebs,Carrascal1987,0,0,0,0,0,0,14.04,32.31,0,260.73,8.76,0,0,315.84,Europe,Spain,Ulicny,PASSERIFORMES
Loxia curvirostra,Loxia curvirostra,Carrascal1987,0,0,0,0,0,0,0,20.58,0,20.58,0,298.41,0,339.57,Europe,Spain,Ulicny,PASSERIFORMES
Periparus ater,Parus ater,Carrascal1987,0,0,0,0,0,0,4.34,156.24,0,4.34,264.74,8.68,0,438.34,Europe,Spain,Ulicny,PASSERIFORMES
Cyanistes caeruleus,Parus caeruleus,Carrascal1987,0,0,0,0,0,0,6.98,184.97,0,10.47,150.07,0,0,352.49,Europe,Spain,Ulicny,PASSERIFORMES
Lophophanes cristatus,Parus cristatus,Carrascal1987,0,0,0,0,0,0,0,234.78,0,10.32,10.32,0,0,255.42,Europe,Spain,Ulicny,PASSERIFORMES
Parus major,Parus major,Carrascal1987,0,0,0,0,0,0,8.16,36.72,0,17.34,40.8,0,0,103.02,Europe,Spain,Ulicny,PASSERIFORMES
Phylloscopus bonelli,Phylloscopus bonelli,Carrascal1987,0,0,0,0,0,0,66.99,30.03,0,9.24,124.74,0,0,231,Europe,Spain,Ulicny,PASSERIFORMES
Phylloscopus collybita,Phylloscopus collybita,Carrascal1987,0,0,0,0,0,0,17.43,34.86,0,0.83,29.88,0,0,83,Europe,Spain,Ulicny,PASSERIFORMES
Prunella modularis,Prunella modularis,Carrascal1987,0,0,0,0,0,0,0,5.12,0,38.96,9.92,0,0,54,Europe,Spain,Ulicny,PASSERIFORMES
Regulus ignicapilla,Regulus ignicapilla,Carrascal1987,0,0,0,0,0,0,11.89,6.97,0,0,22.14,0,0,41,Europe,Spain,Ulicny,PASSERIFORMES
Regulus regulus,Regulus regulus,Carrascal1987,0,0,0,0,0,0,4.16,106.08,0,4.16,91.52,0,0,205.92,Europe,Spain,Ulicny,PASSERIFORMES
Sitta europaea,Sitta europaea,Carrascal1987,0,0,0,0,0,0,3.5,751.22,0,81.3,3.5,0,0,839.52,Europe,Spain,Ulicny,PASSERIFORMES
Sylvia atricapilla,Sylvia atricapilla,Carrascal1987,0,0,0,0,0,0,1.98,3.08,0,0,16.94,0,0,22,Europe,Spain,Ulicny,PASSERIFORMES
Sylvia borin,Sylvia borin,Carrascal1987,0,0,0,0,0,0,6.15,2.87,0,0,31.98,0,0,41,Europe,Spain,Ulicny,PASSERIFORMES
Troglodytes troglodytes,Troglodytes troglodytes,Carrascal1987,0,0,0,0,0,0,0.86,0.86,0,39.99,0.86,0,0,42.57,Europe,Spain,Ulicny,PASSERIFORMES
Turdus merula,Turdus merula,Carrascal1987,0,0,0,0,0,0,0,1.44,0,95.12,0.72,0,0,97.28,Europe,Spain,Ulicny,PASSERIFORMES
Turdus philomelos,Turdus philomelos,Carrascal1987,0,0,0,0,0,0,0,0,0,21,0,0,0,21,Europe,Spain,Ulicny,PASSERIFORMES
Turdus viscivorus,Turdus viscivorus,Carrascal1987,0,0,0,0,0,0,0,0,0,53,0,0,0,53,Europe,Spain,Ulicny,PASSERIFORMES
Syrmaticus mikado,Syrmaticus mikado,Ding2008,0,2,0,0,0,0,0,0,0,2,0,0,2,2,Asia,Taiwan,Ulicny,NONPASSERIFORMES
Columba pulchricollis,Columba pulchricollis,Ding2008,0,3,0,0,0,0,0,0,0,0,3,0,3,3,Asia,Taiwan,Ulicny,NONPASSERIFORMES
Cuculus saturatus,Cuculus saturatus,Ding2008,0.4,1.6,0,0,0,0,0,0.2,0,0,1.8,0,2,2,Asia,Taiwan,Ulicny,NONPASSERIFORMES
Taenioptynx brodiei,Glaucidium brodiei,Ding2008,0,0,0,0,0,0,0,0,0,0,0,0,0,0,Asia,Taiwan,Ulicny,NONPASSERIFORMES
Dendrocopos leucotos,Dendrocopos leucotos,Ding2008,0,0,0,0,26,0,0,26,0,0,0,0,26,26,Asia,Taiwan,Ulicny,NONPASSERIFORMES
Picus canus,Picus canus,Ding2008,0,0,0,0,2,0,0,2,0,0,0,0,2,2,Asia,Taiwan,Ulicny,NONPASSERIFORMES
Nucifraga caryocatactes,Nucifraga caryocatactes,Ding2008,0,5,0,0,0,0,0,1,0,0,4,0,5,5,Asia,Taiwan,Ulicny,PASSERIFORMES
Corvus macrorhynchos,Corvus macrorhynchos,Ding2008,0,30,0,0,0,0,0,0,0,30,0,0,30,30,Asia,Taiwan,Ulicny,PASSERIFORMES
Garrulus glandarius,Garrulus glandarius,Ding2008,4,16,0,0,0,0,0,6,0,0,14,0,20,20,Asia,Taiwan,Ulicny,PASSERIFORMES
Parus monticolus,Parus monticolus,Ding2008,0,21,0,0,0,0,0,2.1,0,0,18.9,0,21,21,Asia,Taiwan,Ulicny,PASSERIFORMES
Periparus ater,Parus ater,Ding2008,0,47,0,0,0,0,0,0,0,1.88,45.12,0,47,47,Asia,Taiwan,Ulicny,PASSERIFORMES
Aegithalos concinnus,Aegithalos concinnus,Ding2008,0,33,0,0,0,0,0,4.95,0,0,28.05,0,33,33,Asia,Taiwan,Ulicny,PASSERIFORMES
Horornis acanthizoides,Cettia acanthizoides,Ding2008,0,116,0,0,0,0,0,76.56,0,0,39.44,0,116,116,Asia,Taiwan,Ulicny,PASSERIFORMES
Locustella alishanensis,Bradypterus alishanensis,Ding2008,0,6,0,0,0,0,0,3,0,3,0,0,6,6,Asia,Taiwan,Ulicny,PASSERIFORMES
Abroscopus albogularis,Abroscopus albogularis,Ding2008,0,3,0,0,0,0,0,0.6,0,0,2.4,0,3,3,Asia,Taiwan,Ulicny,PASSERIFORMES
Pnoepyga albiventer,Pnoepyga albiventer,Ding2008,0,5,0,0,0,0,0,3,0,2,0,0,5,5,Asia,Taiwan,Ulicny,PASSERIFORMES
Cyanoderma ruficeps,Stachyris ruficeps,Ding2008,0,2,0,0,0,0,0,1.8,0,0,0.2,0,2,2,Asia,Taiwan,Ulicny,PASSERIFORMES
Trochalopteron morrisonianum,Garrulax morrisonianus,Ding2008,0,62,0,0,0,0,0,41.54,0,9.3,11.16,0,62,62,Asia,Taiwan,Ulicny,PASSERIFORMES
Liocichla steerii,Liocichla steerii,Ding2008,0,13,0,0,0,0,0,9.1,0,0,3.9,0,13,13,Asia,Taiwan,Ulicny,PASSERIFORMES
Actinodura morrisoniana,Actinodura morrisoniana,Ding2008,0,64,0,0,0,0,0,32,0,0,32,0,64,64,Asia,Taiwan,Ulicny,PASSERIFORMES
Fulvetta manipurensis,Alcippe manipurensis,Ding2008,0,131,0,0,0,0,0,106.11,0,2.62,22.27,0,131,131,Asia,Taiwan,Ulicny,PASSERIFORMES
Alcippe morrisonia,Alcippe morrisonia,Ding2008,0,21,0,0,0,0,0,7.14,0,0,13.86,0,21,21,Asia,Taiwan,Ulicny,PASSERIFORMES
Heterophasia auricularis,Heterophasia auricularis,Ding2008,0,5,0,0,0,0,0,1,0,0,4,0,5,5,Asia,Taiwan,Ulicny,PASSERIFORMES
Yuhina brunneiceps,Yuhina brunneiceps,Ding2008,0,91,0,0,0,0,0,5.46,0,0,85.54,0,91,91,Asia,Taiwan,Ulicny,PASSERIFORMES
Suthora verreauxi,Paradoxornis verreauxi,Ding2008,0,77,0,0,0,0,0,77,0,0,0,0,77,77,Asia,Taiwan,Ulicny,PASSERIFORMES
Regulus goodfellowi,Regulus goodfellowi,Ding2008,0,0,0,0,0,0,0,0,0,0,0,0,0,0,Asia,Taiwan,Ulicny,PASSERIFORMES
Sitta europaea,Sitta europaea,Ding2008,0,43,0,0,0,0,0,35.69,0,0,7.31,0,43,43,Asia,Taiwan,Ulicny,PASSERIFORMES
Myophonus insularis,Myophonus insularis,Ding2008,0.1,0.9,0,0,0,0,0,0,0,1,0,0,1,1,Asia,Taiwan,Ulicny,PASSERIFORMES
Brachypteryx cruralis,Brachypteryx montana,Ding2008,0,5,0,0,0,0,0,3,0,2,0,0,5,5,Asia,Taiwan,Ulicny,PASSERIFORMES
Tarsiger indicus,Tarsiger indicus,Ding2008,0,30,0,0,0,0,0,5.1,0,24.9,0,0,30,30,Asia,Taiwan,Ulicny,PASSERIFORMES
Tarsiger johnstoniae,Tarsiger johnstoniae,Ding2008,6.05,48.95,0,0,0,0,0,14.85,0,40.15,0,0,55,55,Asia,Taiwan,Ulicny,PASSERIFORMES
Muscicapa ferruginea,Muscicapa ferruginea,Ding2008,25.92,1.08,0,0,0,0,25.92,0,0,0,1.08,0,27,27,Asia,Taiwan,Ulicny,PASSERIFORMES
Ficedula hyperythra,Ficedula hyperythra,Ding2008,5.6,1.4,0,0,0,0,4.2,1.4,0,0,1.4,0,7,7,Asia,Taiwan,Ulicny,PASSERIFORMES
Niltava vivida,Niltava vivida,Ding2008,22,0,0,0,0,0,22,0,0,0,0,0,22,22,Asia,Taiwan,Ulicny,PASSERIFORMES
Carpodacus vinaceus,Carpodacus vinaceus,Ding2008,0,25,0,0,0,0,0,8,0,12,5,0,25,25,Asia,Taiwan,Ulicny,PASSERIFORMES
Pyrrhula nipalensis,Pyrrhula nipalensis,Ding2008,0,26,0,0,0,0,0,0,0,0,26,0,26,26,Asia,Taiwan,Ulicny,PASSERIFORMES
Pyrrhula erythaca,Pyrrhula erythaca,Ding2008,0,28,0,0,0,0,0,8.96,0,15.12,3.92,0,28,28,Asia,Taiwan,Ulicny,PASSERIFORMES
Myophonus caeruleus,Myophonus caeruleus,Chettri2022,0,16.983,0,0,0,0,0,8.0036,0,4.998,0,3.995,16.983,16.9966,Asia,India,Ulicny,PASSERIFORMES
Actinodura cyanouroptera,Minla cyanouroptera,Chettri2022,0,11.988,0,0,0,0,0,3.996,0,0,7.992,0,11.988,11.988,Asia,India,Ulicny,PASSERIFORMES
Sitta castanea,Sitta castanea,Chettri2022,0,10,0,0,0,0,0,10,0,0,0,0,10,10,Asia,India,Ulicny,PASSERIFORMES
Cissa chinensis,Cissa chinensis,Chettri2022,0,10,0,0,0,0,0,6,0,0,4,0,10,10,Asia,India,Ulicny,PASSERIFORMES
Orthotomus sutorius,Orthotomus sutorius,Chettri2022,0,10,0,0,0,0,0,5,0,2,0,3,10,10,Asia,India,Ulicny,PASSERIFORMES
Psilopogon virens,Megalaima virens,Chettri2022,0,16.992,0,0.99,0,0,0,0,0,0,0,18,17.982,18,Asia,India,Ulicny,NONPASSERIFORMES
Parus monticolus,Parus monticolus,Chettri2022,0,93.896,0,3.007,0,0,0,70.907,0,0,25.996,0,96.903,96.903,Asia,India,Ulicny,PASSERIFORMES
Phylloscopus burkii,Seicercus burkii,Chettri2022,0,11.998,0,1.988,0,0,0,1.988,0,0,8.988,2.996,13.986,13.972,Asia,India,Ulicny,PASSERIFORMES
Aethopyga nipalensis,Aethopyga nipalensis,Chettri2022,0,13,0,0,0,0,0,0,0,0,0,13,13,13,Asia,India,Ulicny,PASSERIFORMES
Culicicapa ceylonensis,Culicicapa ceylonensis,Chettri2022,0,8,0,2,0,0,0,10,0,0,0,0,10,10,Asia,India,Ulicny,PASSERIFORMES
Lanius tephronotus,Lanius tephronotus,Chettri2022,0,9,0,1,0,0,0,8,0,0,2,0,10,10,Asia,India,Ulicny,PASSERIFORMES
Dendrocitta formosae,Dendrocitta formosae,Chettri2022,0,20.979,0,0,0,0,0,10.983,0,1.9992,0.9996,6.993,20.979,20.9748,Asia,India,Ulicny,PASSERIFORMES
Phylloscopus xanthoschistos,Phylloscopus xanthoschistos,Chettri2022,0,8.987,0,1.991,0,0,0,3.993,0,0,6.996,0,10.978,10.989,Asia,India,Ulicny,PASSERIFORMES
Picus chlorolophus,Picus chlorolophus,Chettri2022,0,11,0,0,0,0,0,11,0,0,0,0,11,11,Asia,India,Ulicny,NONPASSERIFORMES
Pycnonotus cafer,Pycnonotus cafer,Chettri2022,0,50,0,0,0,0,0,50,0,0,0,0,50,50,Asia,India,Ulicny,PASSERIFORMES
Minla ignotincta,Minla ignotincta,Chettri2022,0,35.986,0,1.9988,0,0,0,28.88,0,1.52,6.08,1.52,37.9848,38,Asia,India,Ulicny,PASSERIFORMES
Leiothrix lutea,Leiothrix lutea,Chettri2022,0,14.985,0,0,0,0,0,13.41,0,0,1.575,0,14.985,14.985,Asia,India,Ulicny,PASSERIFORMES
Heterophasia capistrata,Heterophasia capistrata,Chettri2022,0,28.971,0,0,0,0,0,3.857,0,25.114,0,0,28.971,28.971,Asia,India,Ulicny,PASSERIFORMES
Yuhina occipitalis,Yuhina occipitalis,Chettri2022,0,19.8,0,2.2,0,0,0,3.784,0,0,0,18.194,22,21.978,Asia,India,Ulicny,PASSERIFORMES
Pericrocotus brevirostris,Pericrocotus brevirostris,Chettri2022,0,10.989,0,0,0,0,0,2.4959,0,8.492,0,0,10.989,10.9879,Asia,India,Ulicny,PASSERIFORMES
Dicrurus bracteatus,Dicrurus bracteatus,Chettri2022,1.001,9.999,0,0,0,0,3.003,0,0,0,0,7.9992,11,11.0022,Asia,India,Ulicny,PASSERIFORMES
Streptopelia chinensis,Stigmatopelia chinensis,Chettri2022,0,11,0,0,0,0,0,0,0,11,0,0,11,11,Asia,India,Ulicny,NONPASSERIFORMES
Sitta frontalis,Sitta frontalis,Chettri2022,0,24,0,0,0,0,0,24,0,0,0,0,24,24,Asia,India,Ulicny,PASSERIFORMES
Yuhina flavicollis,Yuhina flavicollis,Chettri2022,0,17,0,0,0,0,0,17,0,0,0,0,17,17,Asia,India,Ulicny,PASSERIFORMES
Garrulax leucolophus,Garrulax leucolophus,Chettri2022,0,35.964,0,0,0,0,0,27.972,0,7.992,0,0,35.964,35.964,Asia,India,Ulicny,PASSERIFORMES
Abroscopus superciliaris,Abroscopus superciliaris,Chettri2022,0,34.965,0,1.998,0,0,0,11.988,0,0,24.975,0,36.963,36.963,Asia,India,Ulicny,PASSERIFORMES
Mniotilta varia,Mniotilta varia,Jones2020,0,93.594,0.684,0.684,16.758,0,2.052,99.978,0,0,0.684,11.286,111.72,114,North_America,Florida,Ulicny,PASSERIFORMES
Polioptila caerulea,Polioptila caerulea,Jones2020,4.98,148.902,44.073,7.221,2.49,0,44.571,60.507,0,0,123.255,20.916,207.666,249.249,North_America,Florida,Ulicny,PASSERIFORMES
Vireo solitarius,Vireo solitarius,Jones2020,2.544,53,30.316,15.158,2.544,0,2.65,74.942,0,0,10.388,18.126,103.562,106.106,North_America,Florida,Ulicny,PASSERIFORMES
Poecile carolinensis,Parus carolinensis,Jones2020,0,99.36,0,0,34.416,0,0,119.952,0,0,20.592,3.456,133.776,144,North_America,Florida,Ulicny,PASSERIFORMES
Thryothorus ludovicianus,Thryothorus ludovicianus,Jones2020,0,22.2,0,0,27.85,0,0,11.15,0,0,33.35,5.6,50.05,50.1,North_America,Florida,Ulicny,PASSERIFORMES
Dryobates pubescens,Picoides pubescens,Jones2020,0,19.65,0,0,55.35,0,0,70.125,0,0,0,4.95,75,75.075,North_America,Florida,Ulicny,NONPASSERIFORMES
Sayornis phoebe,Sayornis phoebe,Jones2020,33.516,5.016,11.742,6.726,0,0,11.685,23.427,0,3.363,16.758,1.653,57,56.886,North_America,Florida,Ulicny,PASSERIFORMES
Baeolophus bicolor,Baeolophus bicolor,Jones2020,0,113.828,7.164,0,74.625,0,0,99.5,0,0,63.879,35.621,195.617,199,North_America,Florida,Ulicny,PASSERIFORMES
Setophaga coronata,Dendroica coronata,Jones2020,7.571,45.292,5.695,0.938,5.695,0,6.633,27.403,0,0,22.646,10.385,65.191,67.067,North_America,Florida,Ulicny,PASSERIFORMES
Cardinalis cardinalis,Cardinalis cardinalis,Jones2020,0,93.005,1.995,0,0,0,0,22.23,0,58.615,14.155,0,95,95,North_America,Florida,Ulicny,PASSERIFORMES
Leiothlypis celata,Vermivora celata,Jones2020,0,9.333,0,0,51.606,0,0,0.915,0,0,54.473,5.612,60.939,61,North_America,Florida,Ulicny,PASSERIFORMES
Setophaga pinus,Dendroica pinus,Jones2020,0,71.446,3.892,0,59.909,0,3.892,28.912,0,3.892,34.75,67.554,135.247,139,North_America,Florida,Ulicny,PASSERIFORMES
Melanerpes carolinus,Melanerpes carolinus,Jones2020,0,11.85,0,0,60.83,0,0,71.1,0,0,0.79,3.95,72.68,75.84,North_America,Florida,Ulicny,NONPASSERIFORMES
Corthylio calendula,Regulus calendula,Jones2020,0,195.65,92.106,1.806,0,0,8.127,61.404,0,0,227.255,0,289.562,296.786,North_America,Florida,Ulicny,PASSERIFORMES
Vireo griseus,Vireo griseus,Jones2020,2.814,32.172,1.386,4.2,0,0,1.386,7.014,0,0,26.586,7.014,40.572,42,North_America,Florida,Ulicny,PASSERIFORMES
Sphyrapicus varius,Sphyrapicus varius,Jones2020,0,0.819,0,0,38.181,0,0,35.685,0,0,0,3.315,39,39,North_America,Florida,Ulicny,NONPASSERIFORMES
Setophaga dominica,Dendroica dominica,Jones2020,0,15.26,0,0,52.78,0,1.05,12.18,0,0,26.39,30.52,68.04,70.14,North_America,Florida,Ulicny,PASSERIFORMES
Zosterops japonicus,Zosterops japonicus,Kwok2009,31.347,617.463,44.469,0,35.721,0,,142,16,0,544,2.5,729,688.5,Asia,Hong Kong,Ulicny,PASSERIFORMES
Parus major,Parus major,Kwok2009,82.875,497.25,25.194,0,57.681,0,,425,4,0,295,4.3,663,724.3,Asia,Hong Kong,Ulicny,PASSERIFORMES
Machlolophus spilonotus,Parus spilonotus,Kwok2009,0,75,0,0,0,0,,37,1,0,25,5.3,75,67.3,Asia,Hong Kong,Ulicny,PASSERIFORMES
Sitta frontalis,Sitta frontalis,Kwok2009,0,85.14,0,0,172.86,0,,249,0,0,0,2.3,258,251.3,Asia,Hong Kong,Ulicny,PASSERIFORMES
Actinodura cyanouroptera,Minla cyanouroptera,Kwok2009,0,254,0,0,0,0,,77,1,0,168,0.4,254,245.4,Asia,Hong Kong,Ulicny,PASSERIFORMES
Orthotomus sutorius,Orthotomus sutorius,Kwok2009,5.688,202.398,11.613,0,17.301,0,,66,1,27,125,3.4,237,194.4,Asia,Hong Kong,Ulicny,PASSERIFORMES
Aethopyga christinae,Aethopyga christinae,Kwok2009,6.5,3.276,39,0,3.224,0,,19,0,0,32,0,52,51,Asia,Hong Kong,Ulicny,PASSERIFORMES
Phylloscopus inornatus,Phylloscopus inornatus,Kwok2009,74.304,232.2,80.496,0,0,0,,89,1,0,277,3.4,387,369.4,Asia,Hong Kong,Ulicny,PASSERIFORMES
Phylloscopus proregulus,Phylloscopus proregulus,Kwok2009,44.308,77.539,87.571,0,0,0,,22,2,0,176,1,209.418,199,Asia,Hong Kong,Ulicny,PASSERIFORMES
Erpornis zantholeuca,Erpornis zantholeuca,Mansor&Sah2012,5,34,1,0,0,0,,0,3,0,0,34,3,40,Asia,Malaysia,Ulicny,PASSERIFORMES
Terpsiphone paradisi,Terpsiphone paradisi,Mansor&Sah2012,47.0008,0,8.9992,0,0,0,,35,2.0048,0,0,19.0008,0,56.0056,Asia,Malaysia,Ulicny,PASSERIFORMES
Hypothymis azurea,Hypothymis azurea,Mansor&Sah2012,33.0018,3.9975,2.0007,0,0,0,,7.0005,5.9982,0,0,25.0029,0.9984,39,Asia,Malaysia,Ulicny,PASSERIFORMES
Aegithina viridissima,Aegithina viridissima,Mansor&Sah2012,3.0033,67.9967,0,0,0,0,,0,9.9968,0,0,60.9961,0,70.9929,Asia,Malaysia,Ulicny,PASSERIFORMES
Muscicapa dauurica,Muscicapa dauurica,Mansor&Sah2012,80.9991,2.002,7.9989,0,0,0,,41.9965,6.006,0,0,42.0056,1.001,91.0091,Asia,Malaysia,Ulicny,PASSERIFORMES
Phylloscopus borealis,Phylloscopus borealis,Mansor&Sah2012,34.9976,28.0016,25.0008,0,0,0,,6.996,14.9952,0,0,62.9992,3.0008,87.9912,Asia,Malaysia,Ulicny,PASSERIFORMES
Mixornis gularis,Macronous gularis,Mansor&Sah2012,1.001,63.999,0,0,0,0,,0,9.009,0,0,39,16.9975,65.0065,Asia,Malaysia,Ulicny,PASSERIFORMES
Cyanoderma erythropterum,Stachyris erythroptera,Mansor&Sah2012,0,99,0,0,0,0,,0,0,0,0,16.9983,82.0017,99,Asia,Malaysia,Ulicny,PASSERIFORMES
Malacocincla abbotti,Malacocincla abbotti,Mansor&Sah2012,1.9995,29.0005,0,0,0,0,,0,3.999,0,1.9995,6.9998,17.9986,30.9969,Asia,Malaysia,Ulicny,PASSERIFORMES
Prinia rufescens,Prinia rufescens,Mansor&Sah2012,2.9997,29.0004,0.9999,0,0,0,,0,1.9998,0,0,29.997,0.9999,32.9967,Asia,Malaysia,Ulicny,PASSERIFORMES
Hemipus picatus,Hemipus picatus,Somasundaram2008,18,1.998,0,9.999,0,0,18,3,0,0,9,0,29.997,30,Asia,India,Ulicny,PASSERIFORMES
Ficedula nigrorufa,Ficedula nigrorufa,Somasundaram2008,27.982,3.978,0,1.972,0,0,30.974,0.986,0,1.972,0,0,33.932,33.932,Asia,India,Ulicny,PASSERIFORMES
Hypsipetes leucocephalus,Hypsipetes leucocephalus,Somasundaram2008,0.992,29.977,0,0,0,0,2.976,22.971,0,0,4.991,0,30.969,30.938,Asia,India,Ulicny,PASSERIFORMES
Machlolophus xanthogenys,Parus xanthogenys,Somasundaram2008,2.982,26.964,0,11.97,0,0,0.966,12.936,0,0,27.972,0,41.916,41.874,Asia,India,Ulicny,PASSERIFORMES
Acrocephalus dumetorum,Acrocephalus dumetorum,Somasundaram2008,1.98,18.99,0,9,0,0,3,4.98,0,3,18.99,0,29.97,29.97,Asia,India,Ulicny,PASSERIFORMES
Alcippe poioicephala,Alcippe poioicephala,Somasundaram2008,3.99,15,0,10.98,0,0,4.98,6.99,0,0,18,0,29.97,29.97,Asia,India,Ulicny,PASSERIFORMES
Leptocoma minima,Nectarinia minima,Somasundaram2008,0,32,0,0,0,0,0,0,32,0,0,0,32,32,Asia,India,Ulicny,PASSERIFORMES
Turdus merula,Turdus merula,Somasundaram2008,0,33.93,0,4.992,0,0,0,9.984,0,21.996,6.981,0,38.922,38.961,Asia,India,Ulicny,PASSERIFORMES
Dinopium javanense,Dinopium javanense,Somasundaram2008,0,8.988,0,0,32.97,0,0,42,0,0,0,0,41.958,42,Asia,India,Ulicny,NONPASSERIFORMES
Gallus sonneratii,Gallus sonneratii,Somasundaram2008,0,32,0,0,0,0,0,0,0,32,0,0,32,32,Asia,India,Ulicny,NONPASSERIFORMES
Montecincla cachinnans,Strophocincla cachinnans,Somasundaram2008,0,31.926,0,18.972,0,0,0,24.99,1.989,0,23.97,0,50.898,50.949,Asia,India,Ulicny,PASSERIFORMES
Culicicapa ceylonensis,Culicicapa ceylonensis,Somasundaram2008,44.982,2.989,0,0.98,0,0,46.844,0,0,0,1.96,0,48.951,48.804,Asia,India,Ulicny,PASSERIFORMES
Pomatorhinus horsfieldii,Pomatorhinus horsfieldii,Somasundaram2008,0.992,24.992,0,5.984,0,0,0,5.984,0,5.984,20,0,31.968,31.968,Asia,India,Ulicny,PASSERIFORMES
Lanius schach,Lanius schach,Somasundaram2008,1.98,0,0,24.99,0,0,1.98,0,0,27.99,0,0,26.97,29.97,Asia,India,Ulicny,PASSERIFORMES
Eumyias albicaudatus,Eumyias albicaudatus,Somasundaram2008,26.697,4.983,0,0.99,0,0,26.994,3.993,0,1.98,0,0,32.67,32.967,Asia,India,Ulicny,PASSERIFORMES
Columba elphinstonii,Columba elphinstonii,Somasundaram2008,0,68.9931,0,0,0,0,0,52.992,0,15.939,0,0,68.9931,68.931,Asia,India,Ulicny,NONPASSERIFORMES
Zosterops palpebrosus,Zosterops palpebrosus,Somasundaram2008,0,61.908,0,4.958,0,0,0,21.976,2.01,0,42.947,0,66.866,66.933,Asia,India,Ulicny,PASSERIFORMES
Dicaeum concolor,Dicaeum concolor,Somasundaram2008,0,30,0,0,0,0,0,0,30,0,0,0,30,30,Asia,India,Ulicny,PASSERIFORMES
Pycnonotus jocosus,Pycnonotus jocosus,Somasundaram2008,2.997,25.974,0,7.992,0,0,1.998,20.979,0,0,13.986,0,36.963,36.963,Asia,India,Ulicny,PASSERIFORMES
Pericrocotus flammeus,Pericrocotus flammeus,Somasundaram2008,18.976,12.992,0,0,0,0,20,0,0,0,12,0,31.968,32,Asia,India,Ulicny,PASSERIFORMES
Phylloscopus magnirostris,Phylloscopus magnirostris,Somasundaram2008,4.961,27.962,0,7.995,0,0,1.025,11.562,0,0,28.372,0,40.918,40.959,Asia,India,Ulicny,PASSERIFORMES
Phylloscopus affinis,Phylloscopus affinis,Somasundaram2008,6.981,23.985,0,7.995,0,0,0,10.452,0,0,28.509,0,38.961,38.961,Asia,India,Ulicny,PASSERIFORMES
Sitta frontalis,Sitta frontalis,Somasundaram2008,0,44,0,0,0,0,0,44,0,0,0,0,44,44,Asia,India,Ulicny,PASSERIFORMES
Sholicola major,Myiomela major,Somasundaram2008,0,33.966,0,16.983,0,0,0,23.001,0,8.976,18.972,0,50.949,50.949,Asia,India,Ulicny,PASSERIFORMES
Psilopogon viridis,Megalaima viridis,Somasundaram2008,0,47,0,0,0,0,0,47,0,0,0,0,47,47,Asia,India,Ulicny,NONPASSERIFORMES
Iole indica,Iole indica,Somasundaram2008,3.969,37.926,0,6.958,0,0,3.969,29.988,0,0,14.994,0,48.853,48.951,Asia,India,Ulicny,PASSERIFORMES
Acanthiza lineata,Acanthiza lineata,Remesova20,1,70,5,0,1,20,1,3,1,0,91,1,97,97,Australia,eastern Australia,Remes,PASSERIFORMES
Acanthiza nana,Acanthiza nana,Remesova20,0,133,24,1,0,78,0,10,0,1,225,0,236,236,Australia,eastern Australia,Remes,PASSERIFORMES
Acanthiza pusilla,Acanthiza pusilla,Remesova20,3,367,66,0,9,112,3,113,3,0,435,3,557,557,Australia,eastern Australia,Remes,PASSERIFORMES
Acanthiza reguloides,Acanthiza reguloides,Remesova20,0,62,17,0,2,17,0,15,0,5,78,0,98,98,Australia,eastern Australia,Remes,PASSERIFORMES
Acanthorhynchus tenuirostris,Acanthorhynchus tenuirostris,Remesova20,2,17,1,0,141,3,2,1,141,0,20,0,164,164,Australia,eastern Australia,Remes,PASSERIFORMES
Anthochaera carunculata,Anthochaera carunculata,Remesova20,2,40,0,0,63,3,2,0,60,0,28,18,108,108,Australia,eastern Australia,Remes,PASSERIFORMES
Colluricincla harmonica,Colluricincla harmonica,Remesova20,0,21,0,1,5,14,0,20,0,3,18,0,41,41,Australia,eastern Australia,Remes,PASSERIFORMES
Cormobates leucophaea,Cormobates leucophaea,Remesova20,0,174,0,0,94,1,0,263,0,1,0,5,269,269,Australia,eastern Australia,Remes,PASSERIFORMES
Gymnorhina tibicen,Gymnorhina tibicen,Remesova20,0,16,0,1,16,0,0,0,0,33,0,0,33,33,Australia,eastern Australia,Remes,PASSERIFORMES
Daphoenositta chrysoptera,Daphoenositta chrysoptera,Remesova20,0,138,1,0,18,0,0,157,0,0,0,0,157,157,Australia,eastern Australia,Remes,PASSERIFORMES
Dicaeum hirundinaceum,Dicaeum hirundinaceum,Remesova20,0,28,3,0,3,5,0,3,3,0,26,7,39,39,Australia,eastern Australia,Remes,PASSERIFORMES
Entomyzon cyanotis,Entomyzon cyanotis,Remesova20,0,16,0,0,23,0,0,8,19,0,11,1,39,39,Australia,eastern Australia,Remes,PASSERIFORMES
Eopsaltria australis,Eopsaltria australis,Remesova20,2,7,1,8,4,12,2,10,0,14,6,2,34,34,Australia,eastern Australia,Remes,PASSERIFORMES
Ptilotula fusca,Lichenostomus fuscus,Remesova20,0,150,2,0,3,0,0,26,3,0,126,0,155,155,Australia,eastern Australia,Remes,PASSERIFORMES
Caligavis chrysops,Lichenostomus chrysops,Remesova20,4,209,17,0,222,18,5,14,222,0,226,3,470,470,Australia,eastern Australia,Remes,PASSERIFORMES
Nesoptilotis leucotis,Lichenostomus leucotis,Remesova20,0,20,1,0,19,3,0,13,18,0,12,0,43,43,Australia,eastern Australia,Remes,PASSERIFORMES
Lichenostomus melanops,Lichenostomus melanops,Remesova20,1,27,3,0,9,2,1,0,9,0,32,0,42,42,Australia,eastern Australia,Remes,PASSERIFORMES
Ptilotula penicillata,Lichenostomus penicillatus,Remesova20,0,52,2,0,0,3,0,1,0,0,56,0,57,57,Australia,eastern Australia,Remes,PASSERIFORMES
Lichmera indistincta,Lichmera indistincta,Remesova20,3,1,0,0,38,5,3,1,40,0,3,0,47,47,Australia,eastern Australia,Remes,PASSERIFORMES
Manorina melanocephala,Manorina melanocephala,Remesova20,0,118,3,1,25,2,0,23,22,4,100,0,149,149,Australia,eastern Australia,Remes,PASSERIFORMES
Meliphaga lewinii,Meliphaga lewinii,Remesova20,0,37,3,0,52,4,0,4,52,0,39,1,96,96,Australia,eastern Australia,Remes,PASSERIFORMES
Melithreptus albogularis,Melithreptus albogularis,Remesova20,0,139,0,0,39,5,0,18,34,0,126,5,183,183,Australia,eastern Australia,Remes,PASSERIFORMES
Melithreptus brevirostris,Melithreptus brevirostris,Remesova20,0,35,0,0,4,0,0,0,4,0,35,0,39,39,Australia,eastern Australia,Remes,PASSERIFORMES
Melithreptus lunatus,Melithreptus lunatus,Remesova20,0,94,1,0,86,0,0,35,80,0,58,8,181,181,Australia,eastern Australia,Remes,PASSERIFORMES
Myiagra rubecula,Myiagra rubecula,Remesova20,12,5,7,0,0,21,12,5,0,5,23,0,45,45,Australia,eastern Australia,Remes,PASSERIFORMES
Myzomela obscura,Myzomela obscura,Remesova20,0,26,0,0,47,9,0,1,48,0,29,4,82,82,Australia,eastern Australia,Remes,PASSERIFORMES
Myzomela sanguinolenta,Myzomela sanguinolenta,Remesova20,9,26,2,0,105,2,9,0,105,0,29,1,144,144,Australia,eastern Australia,Remes,PASSERIFORMES
Neochmia temporalis,Neochmia temporalis,Remesova20,0,22,1,1,18,6,0,0,0,29,7,12,48,48,Australia,eastern Australia,Remes,PASSERIFORMES
Pachycephala pectoralis,Pachycephala pectoralis,Remesova20,1,12,3,1,0,42,1,12,0,0,46,0,59,59,Australia,eastern Australia,Remes,PASSERIFORMES
Pachycephala rufiventris,Pachycephala rufiventris,Remesova20,6,35,7,0,0,105,6,23,0,0,120,4,153,153,Australia,eastern Australia,Remes,PASSERIFORMES
Pardalotus punctatus,Pardalotus punctatus,Remesova20,0,106,7,0,0,4,0,1,0,0,116,0,117,117,Australia,eastern Australia,Remes,PASSERIFORMES
Pardalotus striatus,Pardalotus striatus,Remesova20,0,46,7,0,0,7,0,8,0,0,52,0,60,60,Australia,eastern Australia,Remes,PASSERIFORMES
Petroica goodenovii,Petroica goodenovii,Remesova20,3,6,3,9,0,12,3,6,0,12,12,0,33,33,Australia,eastern Australia,Remes,PASSERIFORMES
Philemon citreogularis,Philemon citreogularis,Remesova20,0,46,0,0,9,2,0,5,9,0,41,2,57,57,Australia,eastern Australia,Remes,PASSERIFORMES
Philemon corniculatus,Philemon corniculatus,Remesova20,3,104,0,0,57,4,3,26,58,2,56,23,168,168,Australia,eastern Australia,Remes,PASSERIFORMES
Phylidonyris novaehollandiae,Phylidonyris novaehollandiae,Remesova20,8,15,1,0,153,0,8,11,153,0,5,0,177,177,Australia,eastern Australia,Remes,PASSERIFORMES
Rhipidura fuliginosa,Rhipidura fuliginosa,Remesova20,146,13,1,0,0,51,146,17,0,3,45,0,211,211,Australia,eastern Australia,Remes,PASSERIFORMES
Sericornis frontalis,Sericornis frontalis,Remesova20,2,41,1,0,5,3,3,11,1,27,7,3,52,52,Australia,eastern Australia,Remes,PASSERIFORMES
Smicrornis brevirostris,Smicrornis brevirostris,Remesova20,0,85,25,0,0,28,0,6,1,0,130,1,138,138,Australia,eastern Australia,Remes,PASSERIFORMES
Strepera graculina,Strepera graculina,Remesova20,0,37,0,0,6,0,0,8,0,0,34,1,43,43,Australia,eastern Australia,Remes,PASSERIFORMES
Zosterops lateralis,Zosterops lateralis,Remesova20,1,99,0,0,19,4,1,2,27,0,87,6,123,123,Australia,eastern Australia,Remes,PASSERIFORMES
Acanthiza chrysorrhoa,Acanthiza chrysorrhoa,Ford86,0,75.999,0,0,0,1.001,0,11.473,0,11.473,54.131,0,77,77.077,Australia,New South Wales,Remes,PASSERIFORMES
Acanthiza lineata,Acanthiza lineata,Ford86,1.035,83.03,8.05,0,0,23,1.035,9.315,0,1.035,103.615,0,115.115,115,Australia,New South Wales,Remes,PASSERIFORMES
Acanthiza pusilla,Acanthiza pusilla,Ford86,0,46.98,1.98,0,0,10.98,0,15.3,0,0,44.76,0,59.94,60.06,Australia,New South Wales,Remes,PASSERIFORMES
Acanthiza reguloides,Acanthiza reguloides,Ford86,6.012,235.136,15.03,1.002,0,77.154,6.012,87.842,0,37.742,202.738,0,334.334,334.334,Australia,New South Wales,Remes,PASSERIFORMES
Acanthorhynchus tenuirostris,Acanthorhynchus tenuirostris,Ford86,11.025,4.032,3.024,0,42.021,3.024,11.025,2.016,41.013,0,9.009,0,63.126,63.063,Australia,New South Wales,Remes,PASSERIFORMES
Anthochaera carunculata,Anthochaera carunculata,Ford86,2.945,63.085,1.085,0,73.005,15.035,2.945,26.04,68.045,0,57.97,0,155.155,155,Australia,New South Wales,Remes,PASSERIFORMES
Artamus cyanopterus,Artamus cyanopterus,Ford86,101.972,18.944,1.036,10.804,2.96,11.988,102.712,18.056,1.036,6.956,19.092,0,147.704,147.852,Australia,New South Wales,Remes,PASSERIFORMES
Artamus superciliosus,Artamus superciliosus,Ford86,37.995,1.02,0,0,11.985,0,37.995,0,11.985,1.02,0,0,51,51,Australia,New South Wales,Remes,PASSERIFORMES
Cormobates leucophaea,Cormobates leucophaea,Ford86,8.085,405.867,0,0,122.353,3.234,0,534.149,0,3.234,2.156,0,539.539,539.539,Australia,New South Wales,Remes,PASSERIFORMES
Climacteris picumnus,Climacteris picumnus,Ford86,0,261.06,0,1.14,23.085,0,0,154.755,0,82.365,47.88,0,285.285,285,Australia,New South Wales,Remes,PASSERIFORMES
Colluricincla harmonica,Colluricincla harmonica,Ford86,1.91,157.957,0,0.955,8.022,21.965,2.101,118.611,0,26.931,42.975,0,190.809,190.618,Australia,New South Wales,Remes,PASSERIFORMES
Coracina novaehollandiae,Coracina novaehollandiae,Ford86,4.96,21.08,2.015,0,0,126.945,4.96,11.16,0,0,139.035,0,155,155.155,Australia,New South Wales,Remes,PASSERIFORMES
Corcorax melanorhamphos,Corcorax melanorhamphos,Ford86,0,116.928,0,0,115.072,0,0,1.16,0,94.192,136.648,0,232,232,Australia,New South Wales,Remes,PASSERIFORMES
Daphoenositta chrysoptera,Daphoenositta chrysoptera,Ford86,1.071,268.107,0,0,88.179,0,1.071,324.87,31.059,0,0,0,357.357,357,Australia,New South Wales,Remes,PASSERIFORMES
Dicaeum hirundinaceum,Dicaeum hirundinaceum,Ford86,1.02,71.995,7.99,0,0,3.995,0,7.225,1.02,0,22.015,54.57,85,84.83,Australia,New South Wales,Remes,PASSERIFORMES
Stagonopleura guttata,Stagonopleura guttata,Ford86,0,75.012,0,0,0,0.988,0,1.064,0,7.296,67.64,0,76,76,Australia,New South Wales,Remes,PASSERIFORMES
Eopsaltria australis,Eopsaltria australis,Ford86,17.992,43.942,0,232.166,5.19,47.056,18.338,63.318,0,108.99,155.354,0,346.346,346,Australia,New South Wales,Remes,PASSERIFORMES
Falcunculus frontatus,Falcunculus frontatus,Ford86,1.005,111.22,0,1.005,220.765,1.005,1.005,226.125,1.005,0,107.535,0,335,335.67,Australia,New South Wales,Remes,PASSERIFORMES
Gerygone olivacea,Gerygone olivacea,Ford86,5.989,56.952,3.051,0,0,47.008,5.876,3.955,0,0,103.282,0,113,113.113,Australia,New South Wales,Remes,PASSERIFORMES
Gymnorhina tibicen,Gymnorhina tibicen,Ford86,0,84.966,0,0,17.034,0,0,0,0,13.974,88.026,0,102,102,Australia,New South Wales,Remes,PASSERIFORMES
Ptilotula fusca,Lichenostomus fuscus,Ford86,153.068,1442.891,45.02,2.251,454.702,155.319,150.817,346.654,398.427,13.506,1339.345,0,2253.251,2248.749,Australia,New South Wales,Remes,PASSERIFORMES
Malurus cyaneus,Malurus cyaneus,Ford86,13.314,502.762,1.902,3.17,1.268,112.218,13.314,110.95,0,69.74,439.362,0,634.634,633.366,Australia,New South Wales,Remes,PASSERIFORMES
Melithreptus brevirostris,Melithreptus brevirostris,Ford86,0,130.962,0,0,14.016,1.022,0,3.066,11.972,0,130.962,0,146,146,Australia,New South Wales,Remes,PASSERIFORMES
Melithreptus lunatus,Melithreptus lunatus,Ford86,6.12,282.88,0,0,46.92,4.08,6.12,31.28,35.02,0,267.92,0,340,340.34,Australia,New South Wales,Remes,PASSERIFORMES
Myiagra inquieta,Myiagra inquieta,Ford86,34.989,6.976,13.952,7.957,1.962,45.017,34.335,31.392,0,5.886,37.278,0,110.853,108.891,Australia,New South Wales,Remes,PASSERIFORMES
Myzomela sanguinolenta,Myzomela sanguinolenta,Ford86,2,1,0,0,46,1,2,1,45,0,2,0,50,50,Australia,New South Wales,Remes,PASSERIFORMES
Pachycephala pectoralis,Pachycephala pectoralis,Ford86,6.9,120.9,0,0,0,171.9,7.2,42.3,0,0.9,249.3,0,299.7,299.7,Australia,New South Wales,Remes,PASSERIFORMES
Pachycephala rufiventris,Pachycephala rufiventris,Ford86,8.206,74.973,4.103,1.865,1.119,283.107,8.206,44.387,0,10.071,310.709,0,373.373,373.373,Australia,New South Wales,Remes,PASSERIFORMES
Pardalotus punctatus,Pardalotus punctatus,Ford86,0,190.12,10.045,0,0,45.08,0,10.045,0,0.98,233.975,0,245.245,245,Australia,New South Wales,Remes,PASSERIFORMES
Pardalotus striatus,Pardalotus striatus,Ford86,0,271.999,1.029,0,2.058,67.914,0,25.382,0,0,317.961,0,343,343.343,Australia,New South Wales,Remes,PASSERIFORMES
Petroica multicolor,Petroica multicolor,Ford86,8.692,1.908,1.908,26.977,0,13.515,9.01,6.996,0,14.999,21.995,0,53,53,Australia,New South Wales,Remes,PASSERIFORMES
Philemon corniculatus,Philemon corniculatus,Ford86,7.995,35.055,0,0,65.067,15.006,8.118,7.011,65.559,0,42.312,0,123.123,123,Australia,New South Wales,Remes,PASSERIFORMES
Rhipidura fuliginosa,Rhipidura fuliginosa,Ford86,135.024,4.002,2.958,0,0,32.016,135.72,12.006,0,0,26.274,0,174,174,Australia,New South Wales,Remes,PASSERIFORMES
Rhipidura leucophrys,Rhipidura leucophrys,Ford86,120,38.016,0,3.072,0,31.104,123.264,12.48,0,7.104,49.344,0,192.192,192.192,Australia,New South Wales,Remes,PASSERIFORMES
Pyrrholaemus sagittatus,Chthonicola sagittatus,Ford86,0,249.922,1.112,0,0,26.966,0,16.124,0,114.814,147.062,0,278,278,Australia,New South Wales,Remes,PASSERIFORMES
Zosterops lateralis,Zosterops lateralis,Ford86,0,78.966,0,0,3.034,0,0,1.968,12.874,0,59.286,7.872,82,82,Australia,New South Wales,Remes,PASSERIFORMES
Acanthiza chrysorrhoa,Acanthiza chrysorrhoa,Recher85,3.78,370.44,0,0,0,3.78,3.78,11.34,0,351.54,11.34,0,378,378,Australia,Southeastern Australia,Remes,PASSERIFORMES
Acanthiza lineata,Acanthiza lineata,Recher85,23.31,1981.35,163.17,0,23.31,139.86,23.31,419.58,0,0,1888.11,0,2331,2331,Australia,Southeastern Australia,Remes,PASSERIFORMES
Acanthiza pusilla,Acanthiza pusilla,Recher85,74.08,1481.6,74.08,0,18.52,203.72,92.6,425.96,0,129.64,1203.8,0,1852,1852,Australia,Southeastern Australia,Remes,PASSERIFORMES
Acanthiza reguloides,Acanthiza reguloides,Recher85,5.59,514.28,5.59,0,16.77,16.77,5.59,139.75,0,324.22,89.44,0,559,559,Australia,Southeastern Australia,Remes,PASSERIFORMES
Acanthorhynchus tenuirostris,Acanthorhynchus tenuirostris,Recher85,3.14,20.41,0,0,130.31,3.14,3.14,17.27,130.31,1.57,4.71,0,157,157,Australia,Southeastern Australia,Remes,PASSERIFORMES
Anthochaera carunculata,Anthochaera carunculata,Recher85,5.08,63.5,0,0,165.1,20.32,5.08,17.78,165.1,5.08,60.96,0,254,254,Australia,Southeastern Australia,Remes,PASSERIFORMES
Artamus cyanopterus,Artamus cyanopterus,Recher85,100.05,5.8,0,21.75,0,17.4,98.6,24.65,0,15.95,5.8,0,145,145,Australia,Southeastern Australia,Remes,PASSERIFORMES
Climacteris erythrops,Climacteris erythrops,Recher85,0,1002.78,0,0,235.22,0,0,1213.24,0,0,24.76,0,1238,1238,Australia,Southeastern Australia,Remes,PASSERIFORMES
Cormobates leucophaea,Cormobates leucophaea,Recher85,0,1089.36,0,0,134.64,0,0,1187.28,0,24.48,12.24,0,1224,1224,Australia,Southeastern Australia,Remes,PASSERIFORMES
Colluricincla harmonica,Colluricincla harmonica,Recher85,0,157.38,0,2.58,46.44,51.6,0,121.26,0,105.78,30.96,0,258,258,Australia,Southeastern Australia,Remes,PASSERIFORMES
Coracina novaehollandiae,Coracina novaehollandiae,Recher85,4.5,9,0,5.25,0.75,55.5,5.25,19.5,0,6,44.25,0,75,75,Australia,Southeastern Australia,Remes,PASSERIFORMES
Corcorax melanorhamphos,Corcorax melanorhamphos,Recher85,0,75,0,0,175,0,0,0,0,250,0,0,250,250,Australia,Southeastern Australia,Remes,PASSERIFORMES
Eopsaltria australis,Eopsaltria australis,Recher85,0,12.24,53.04,306,8.16,28.56,28.56,44.88,0,314.16,20.4,0,408,408,Australia,Southeastern Australia,Remes,PASSERIFORMES
Falcunculus frontatus,Falcunculus frontatus,Recher85,0,46.62,0,0,466.2,5.18,0,497.28,0,0,20.72,0,518,518,Australia,Southeastern Australia,Remes,PASSERIFORMES
Gymnorhina tibicen,Gymnorhina tibicen,Recher85,6.22,348.32,0,0,267.46,0,6.22,0,0,609.56,6.22,0,622,622,Australia,Southeastern Australia,Remes,PASSERIFORMES
Malurus cyaneus,Malurus cyaneus,Recher85,32.12,738.76,0,0,0,32.12,32.12,16.06,0,682.55,72.27,0,803,803,Australia,Southeastern Australia,Remes,PASSERIFORMES
Caligavis chrysops,Lichenostomus chrysops,Recher85,18.18,654.48,0,0,199.98,36.36,18.18,181.8,99.99,9.09,599.94,0,909,909,Australia,Southeastern Australia,Remes,PASSERIFORMES
Nesoptilotis leucotis,Lichenostomus leucotis,Recher85,18.42,221.04,0,0,362.26,12.28,18.42,472.78,6.14,0,116.66,0,614,614,Australia,Southeastern Australia,Remes,PASSERIFORMES
Melithreptus brevirostris,Melithreptus brevirostris,Recher85,0,192.7,0,0,42.3,0,0,115.15,2.35,4.7,112.8,0,235,235,Australia,Southeastern Australia,Remes,PASSERIFORMES
Melithreptus lunatus,Melithreptus lunatus,Recher85,0,2524.5,0,0,252.45,28.05,0,532.95,112.2,0,2159.85,0,2805,2805,Australia,Southeastern Australia,Remes,PASSERIFORMES
Menura novaehollandiae,Menura novaehollandiae,Recher85,0,0,0,0,62,0,0,0,0,62,0,0,62,62,Australia,Southeastern Australia,Remes,PASSERIFORMES
Monarcha melanopsis,Monarcha melanopsis,Recher85,59.43,22.64,8.49,0,0,192.44,59.43,36.79,0,2.83,183.95,0,283,283,Australia,Southeastern Australia,Remes,PASSERIFORMES
Myiagra cyanoleuca,Myiagra cyanoleuca,Recher85,257.4,4.29,8.58,4.29,0,154.44,261.69,25.74,0,4.29,137.28,0,429,429,Australia,Southeastern Australia,Remes,PASSERIFORMES
Daphoenositta chrysoptera,Daphoenositta chrysoptera,Recher85,0,454,0,0,0,0,0,454,0,0,0,0,454,454,Australia,Southeastern Australia,Remes,PASSERIFORMES
Pachycephala pectoralis,Pachycephala pectoralis,Recher85,55.1,88.16,5.51,5.51,5.51,391.21,55.1,115.71,0,11.02,369.17,0,551,551,Australia,Southeastern Australia,Remes,PASSERIFORMES
Pachycephala rufiventris,Pachycephala rufiventris,Recher85,157.28,186.77,9.83,19.66,9.83,599.63,137.62,245.75,0,19.66,579.97,0,983,983,Australia,Southeastern Australia,Remes,PASSERIFORMES
Pardalotus punctatus,Pardalotus punctatus,Recher85,3.17,278.96,12.68,0,0,22.19,0,31.7,0,0,285.3,0,317,317,Australia,Southeastern Australia,Remes,PASSERIFORMES
Pardalotus striatus,Pardalotus striatus,Recher85,8.1,720.9,24.3,0,0,56.7,16.2,48.6,0,0,745.2,0,810,810,Australia,Southeastern Australia,Remes,PASSERIFORMES
Petroica multicolor,Petroica multicolor,Recher85,74.4,13.95,4.65,316.2,0,55.8,74.4,60.45,0,316.2,13.95,0,465,465,Australia,Southeastern Australia,Remes,PASSERIFORMES
Petroica phoenicea,Petroica phoenicea,Recher85,157.7,107.9,0,431.6,8.3,124.5,157.7,91.3,0,531.2,49.8,0,830,830,Australia,Southeastern Australia,Remes,PASSERIFORMES
Petroica rosea,Petroica rosea,Recher85,50.7,9.75,0,19.5,0,115.05,50.7,48.75,0,21.45,74.1,0,195,195,Australia,Southeastern Australia,Remes,PASSERIFORMES
Phylidonyris pyrrhopterus,Phylidonyris pyrrhopterus,Recher85,1.77,5.31,0,0,162.84,7.08,1.77,17.7,148.68,0,8.85,0,177,177,Australia,Southeastern Australia,Remes,PASSERIFORMES
Psophodes olivaceus,Psophodes olivaceus,Recher85,0,85.12,0,0,45.22,2.66,0,58.52,0,70.49,3.99,0,133,133,Australia,Southeastern Australia,Remes,PASSERIFORMES
Rhipidura fuliginosa,Rhipidura fuliginosa,Recher85,1836.12,188.32,23.54,0,0,306.02,1836.12,94.16,0,94.16,329.56,0,2354,2354,Australia,Southeastern Australia,Remes,PASSERIFORMES
Rhipidura rufifrons,Rhipidura rufifrons,Recher85,163.62,36.36,3.03,9.09,0,90.9,163.62,9.09,0,45.45,84.84,0,303,303,Australia,Southeastern Australia,Remes,PASSERIFORMES
Sericornis frontalis,Sericornis frontalis,Recher85,0,689.67,0,0,7.11,14.22,0,49.77,0,583.02,78.21,0,711,711,Australia,Southeastern Australia,Remes,PASSERIFORMES
Zoothera lunulata,Zoothera lunulata,Recher85,0,51.75,0,2.25,171,0,0,4.5,0,220.5,0,0,225,225,Australia,Southeastern Australia,Remes,PASSERIFORMES
Zosterops lateralis,Zosterops lateralis,Recher85,0,397.5,0,0,132.5,0,0,153.7,132.5,26.5,217.3,0,530,530,Australia,Southeastern Australia,Remes,PASSERIFORMES
Acanthiza chrysorrhoa,Acanthiza chrysorrhoa,RD98,14.41,116.59,0,0,0,0,14.41,0,0,110.04,6.55,0,131,131,Australia,Western Australia,Remes,PASSERIFORMES
Acanthorhynchus superciliosus,Acanthorhynchus superciliosus,RD98,6.02,2.94,2.94,0,2.1,0,6.02,0.98,1.96,0,5.04,0,14,14,Australia,Western Australia,Remes,PASSERIFORMES
Acanthiza apicalis,Acanthiza apicalis,RD98,5.92,99.16,10.36,0,1.48,31.08,5.92,19.24,0,11.84,109.52,0,148,146.52,Australia,Western Australia,Remes,PASSERIFORMES
Acanthiza inornata,Acanthiza inornata,RD98,0,156.64,10.68,0,7.12,3.56,0,21.36,0,110.36,46.28,0,178,178,Australia,Western Australia,Remes,PASSERIFORMES
Anthochaera chrysoptera,Anthochaera chrysoptera,RD98,0,0,0,0,10,0,0,0,10,0,0,0,10,10,Australia,Western Australia,Remes,PASSERIFORMES
Artamus cyanopterus,Artamus cyanopterus,RD98,8.08,0,1.01,90.9,0,1.01,8.08,1.01,0,90.9,1.01,0,101,101,Australia,Western Australia,Remes,PASSERIFORMES
Climacteris rufus,Climacteris rufus,RD98,0,282.36,0,0,79.64,0,0,104.98,0,253.4,3.62,0,362,362,Australia,Western Australia,Remes,PASSERIFORMES
Colluricincla harmonica,Colluricincla harmonica,RD98,0,69.7,0.85,0,9.35,5.1,0,23.8,0,45.05,16.15,0,85,85,Australia,Western Australia,Remes,PASSERIFORMES
Daphoenositta chrysoptera,Daphoenositta chrysoptera,RD98,0,60.42,0,0,53.58,0,0,114,0,0,0,0,114,114,Australia,Western Australia,Remes,PASSERIFORMES
Eopsaltria griseogularis,Eopsaltria griseogularis,RD98,0,0,0,105.73,0,3.27,0,4.36,0,104.64,0,0,109,109,Australia,Western Australia,Remes,PASSERIFORMES
Gerygone fusca,Gerygone fusca,RD98,17.64,36.54,26.46,0,5.04,40.32,21.42,26.46,0,0,78.12,0,126,126,Australia,Western Australia,Remes,PASSERIFORMES
Ptilotula ornata,Lichenostomus ornatus,RD98,35.25,65.8,11.75,0,110.45,11.75,35.25,131.6,18.8,0,47,0,235,232.65,Australia,Western Australia,Remes,PASSERIFORMES
Lichmera indistincta,Lichmera indistincta,RD98,4.08,4.42,1.02,0,23.46,1.02,4.08,0,27.88,0,2.04,0,34,34,Australia,Western Australia,Remes,PASSERIFORMES
Malurus pulcherrimus,Malurus pulcherrimus,RD98,0,68.06,0,0,0,13.94,0,0,0,58.22,23.78,0,82,82,Australia,Western Australia,Remes,PASSERIFORMES
Malurus splendens,Malurus splendens,RD98,0,12,0,0,0,0,0,0,0,12,0,0,12,12,Australia,Western Australia,Remes,PASSERIFORMES
Melanodryas cucullata,Melanodryas cucullata,RD98,0,6.15,0,32.8,0,2.05,0,6.15,0,32.8,2.05,0,41,41,Australia,Western Australia,Remes,PASSERIFORMES
Melithreptus lunatus,Melithreptus lunatus,RD98,0,24.19,0,0,33.63,1.18,0,34.81,10.03,0,14.16,0,59,59,Australia,Western Australia,Remes,PASSERIFORMES
Microeca fascinans,Microeca fascinans,RD98,26,0,0,66,0,8,26,8,0,66,0,0,100,100,Australia,Western Australia,Remes,PASSERIFORMES
Myiagra inquieta,Myiagra inquieta,RD98,8.19,0,10.14,8.19,0,12.48,17.55,8.19,0,8.19,5.07,0,39,39,Australia,Western Australia,Remes,PASSERIFORMES
Pachycephala pectoralis,Pachycephala pectoralis,RD98,1.11,62.16,0,0,4.44,43.29,1.11,26.64,3.33,22.2,57.72,0,111,111,Australia,Western Australia,Remes,PASSERIFORMES
Pachycephala rufiventris,Pachycephala rufiventris,RD98,1.08,12.96,0,0,0,3.96,1.08,3.96,0,7.92,5.04,0,18,18,Australia,Western Australia,Remes,PASSERIFORMES
Pardalotus striatus,Pardalotus striatus,RD98,0,56,0,0,0,0,0,0,0,0,56,0,56,56,Australia,Western Australia,Remes,PASSERIFORMES
Petroica multicolor,Petroica multicolor,RD98,4.96,1.24,1.24,37.82,10.54,6.2,4.96,5.58,0,47.74,3.1,0,62,61.38,Australia,Western Australia,Remes,PASSERIFORMES
Phylidonyris novaehollandiae,Phylidonyris novaehollandiae,RD98,7.98,0,0,0,25.08,4.94,7.98,0,25.08,0,4.94,0,38,38,Australia,Western Australia,Remes,PASSERIFORMES
Pomatostomus superciliosus,Pomatostomus superciliosus,RD98,0,127.19,0,0,33.81,0,0,28.98,0,132.02,0,0,161,161,Australia,Western Australia,Remes,PASSERIFORMES
Rhipidura fuliginosa,Rhipidura fuliginosa,RD98,140.14,1.82,25.48,1.82,0,12.74,140.14,25.48,0,3.64,12.74,0,182,182,Australia,Western Australia,Remes,PASSERIFORMES
Rhipidura leucophrys,Rhipidura leucophrys,RD98,27.69,39.05,0,2.13,0,2.13,27.69,0,0,31.24,12.07,0,71,71,Australia,Western Australia,Remes,PASSERIFORMES
Sericornis frontalis,Sericornis frontalis,RD98,0,53,0,0,0,0,0,3.18,0,48.23,2.12,0,53,53.53,Australia,Western Australia,Remes,PASSERIFORMES
Smicrornis brevirostris,Smicrornis brevirostris,RD98,0,119.25,119.25,0,0,26.5,0,39.75,0,0,225.25,0,265,265,Australia,Western Australia,Remes,PASSERIFORMES
Strepera versicolor,Strepera versicolor,RD98,0,19,0,0,0,0,0,0,0,15.01,3.99,0,19,19,Australia,Western Australia,Remes,PASSERIFORMES
Zosterops lateralis,Zosterops lateralis,RD98,0,59.28,4.68,0,14.04,0,0,27.3,0,31.98,17.94,0,78,77.22,Australia,Western Australia,Remes,PASSERIFORMES
Acanthagenys rufogularis,Acanthagenys rufogularis,RD97,0,52.47,0,0,0,0.53,0,0.53,26.5,0,25.97,0,53,53,Australia,Northern Territory,Remes,PASSERIFORMES
Acanthiza apicalis,Acanthiza apicalis,RD97,4.2,49.8,4.2,0,0,1.8,3.6,1.2,0,0,55.2,0,60,60,Australia,Northern Territory,Remes,PASSERIFORMES
Acanthiza chrysorrhoa,Acanthiza chrysorrhoa,RD97,7.44,78.12,3.72,0,0,3.72,7.44,6.51,1.86,41.85,35.34,0,93,93,Australia,Northern Territory,Remes,PASSERIFORMES
Acanthiza robustirostris,Acanthiza robustirostris,RD97,0,71.82,17.29,0,0,43.89,0,18.62,0,0,114.38,0,133,133,Australia,Northern Territory,Remes,PASSERIFORMES
Acanthiza uropygialis,Acanthiza uropygialis,RD97,10.53,76.05,19.89,0,0,10.53,10.53,21.06,0,0,85.41,0,117,117,Australia,Northern Territory,Remes,PASSERIFORMES
Aphelocephala leucopsis,Aphelocephala leucopsis,RD97,0,128,0,0,0,0,0,0,0,126.72,1.28,0,128,128,Australia,Northern Territory,Remes,PASSERIFORMES
Climacteris affinis,Climacteris affinis,RD97,0,24,0,0,0,0,0,19.92,0,4.08,0,0,24,24,Australia,Northern Territory,Remes,PASSERIFORMES
Colluricincla harmonica,Colluricincla harmonica,RD97,0,13.92,0,0,0,2.08,0,1.92,0,0.96,13.12,0,16,16,Australia,Northern Territory,Remes,PASSERIFORMES
Daphoenositta chrysoptera,Daphoenositta chrysoptera,RD97,0,43,0,0,0,0,0,35.26,0,0.86,6.88,0,43,43,Australia,Northern Territory,Remes,PASSERIFORMES
Epthianura tricolor,Epthianura tricolor,RD97,2.59,243.46,7.77,0,0,5.18,2.59,0,0,212.38,44.03,0,259,259,Australia,Northern Territory,Remes,PASSERIFORMES
Gerygone fusca,Gerygone fusca,RD97,5.1,49.3,13.6,0,0,17,5.1,4.25,0,0,75.65,0,85,85,Australia,Northern Territory,Remes,PASSERIFORMES
Malurus splendens,Malurus splendens,RD97,1.6,147.2,0,0,0,11.2,1.6,1.6,0,110.4,46.4,0,160,160,Australia,Northern Territory,Remes,PASSERIFORMES
Melanodryas cucullata,Melanodryas cucullata,RD97,1.16,8.12,1.16,40.6,0,6.96,1.16,1.16,0,48.72,6.96,0,58,58,Australia,Northern Territory,Remes,PASSERIFORMES
Gavicalis virescens,Lichenostomus virescens,RD97,0,73.26,0,0,0,0.74,0,2.96,45.88,0,25.16,0,74,74,Australia,Northern Territory,Remes,PASSERIFORMES
Oreoica gutturalis,Oreoica gutturalis,RD97,0,16,0,0,0,0,0,0,0,8,8,0,16,16,Australia,Northern Territory,Remes,PASSERIFORMES
Pachycephala rufiventris,Pachycephala rufiventris,RD97,0,49.08,4.74,3.1,0,37.08,0,8.12,0,8.06,77.82,0,94,94,Australia,Northern Territory,Remes,PASSERIFORMES
Petroica goodenovii,Petroica goodenovii,RD97,3,3,8,78,0,8,3,6,0,78,13,0,100,100,Australia,Northern Territory,Remes,PASSERIFORMES
Pomatostomus superciliosus,Pomatostomus superciliosus,RD97,0,69,0,0,0,0,0,22.77,10.35,31.05,4.83,0,69,69,Australia,Northern Territory,Remes,PASSERIFORMES
Rhipidura fuliginosa,Rhipidura fuliginosa,RD97,10.08,0,0.96,0,0,0.96,10.08,0,0,0,1.92,0,12,12,Australia,Northern Territory,Remes,PASSERIFORMES
Rhipidura leucophrys,Rhipidura leucophrys,RD97,7.92,36.08,0,0,0,0,7.92,0,0,36.08,0,0,44,44,Australia,Northern Territory,Remes,PASSERIFORMES
Taeniopygia guttata,Taeniopygia guttata,RD97,0,934,0,0,0,0,0,0,0,934,0,0,934,934,Australia,Northern Territory,Remes,PASSERIFORMES
Malurus cyaneus,Malurus cyaneus,Cale94,1.2,45.6,1.2,0,0,12,1.2,6,0,25.8,27,0,60,60,Australia,Tasmania,Remes,PASSERIFORMES
Sericornis frontalis,Sericornis frontalis,Cale94,1.98,59.4,0,0,32.67,5.94,1.98,21.78,0,60.39,15.84,0,99.99,99.99,Australia,Tasmania,Remes,PASSERIFORMES
Petroica multicolor,Petroica multicolor,Cale94,8.16,3.06,1.02,17.34,0,21.42,8.16,15.3,0,17.34,10.2,0,51,51,Australia,Tasmania,Remes,PASSERIFORMES
Melanodryas vittata,Melanodryas vittata,Cale94,7.2,0.9,0,7.2,6.9,7.8,7.2,14.7,0,7.2,0.9,0,30,30,Australia,Tasmania,Remes,PASSERIFORMES
Petroica phoenicea,Petroica phoenicea,Cale94,0,63,0,0,0,0,0,23.94,0,22.05,17.01,0,63,63,Australia,Tasmania,Remes,PASSERIFORMES
Colluricincla harmonica,Colluricincla harmonica,Cale94,2.07,26.91,0,0,36.57,3.45,2.07,60.03,0,2.76,4.14,0,69,69,Australia,Tasmania,Remes,PASSERIFORMES
Melithreptus validirostris,Melithreptus validirostris,Cale94,2.43,21.87,0,0,55.08,0.81,2.43,75.33,0,0,2.43,0,80.19,80.19,Australia,Tasmania,Remes,PASSERIFORMES
Pardalotus striatus,Pardalotus striatus,Cale94,0,25.2,0,0,0,0,0,5.04,0,0,20.16,0,25.2,25.2,Australia,Tasmania,Remes,PASSERIFORMES
Acanthiza ewingii,Acanthiza ewingii,Cale94,0,105.75,21.15,0,1.41,12.69,0,31.02,0,0,109.98,0,141,141,Australia,Tasmania,Remes,PASSERIFORMES
Acanthiza pusilla,Acanthiza pusilla,Cale94,2.16,168.48,19.44,0,4.32,21.6,2.16,108,0,4.32,101.52,0,216,216,Australia,Tasmania,Remes,PASSERIFORMES
Pachycephala pectoralis,Pachycephala pectoralis,Cale94,7.92,4.95,0,0,0,20.13,7.92,10.89,0,0,14.19,0,33,33,Australia,Tasmania,Remes,PASSERIFORMES
Rhipidura fuliginosa,Rhipidura fuliginosa,Cale94,127.05,23.1,1.65,0,0,13.2,127.05,9.9,0,0,28.05,0,165,165,Australia,Tasmania,Remes,PASSERIFORMES
Acanthiza reguloides,Acanthiza reguloides,Recher89,29.6,207.2,35.52,0,0,20.72,47.36,65.12,0,5.92,180.56,0,293.04,298.96,Australia,New South Wales,Remes,PASSERIFORMES
Acanthiza lineata,Acanthiza lineata,Recher89,13.3,518.7,79.8,0,0,53.2,19.95,53.2,0,0,591.85,0,665,665,Australia,New South Wales,Remes,PASSERIFORMES
Acanthiza nana,Acanthiza nana,Recher89,67.14,749.73,123.09,0,0,190.23,65.52,185.64,0,0,829.92,0,1130.19,1081.08,Australia,New South Wales,Remes,PASSERIFORMES
Smicrornis brevirostris,Smicrornis brevirostris,Recher89,54.6,360.36,480.48,0,0,131.04,37.28,37.28,0,0,857.44,0,1026.48,932,Australia,New South Wales,Remes,PASSERIFORMES
Gerygone olivacea,Gerygone olivacea,Recher89,93.2,382.12,74.56,0,0,382.12,31.6,12.64,0,0,271.76,0,932,316,Australia,New South Wales,Remes,PASSERIFORMES
Aegithalos caudatus,Aegithalos caudatus,Ulicny25,0,20,1,0,0,0,0,13,0,0,8,0,21,21,Europe,Czech Republic,Ulicny,PASSERIFORMES
Certhia brachydactyla,Certhia brachydactyla,Ulicny25,0,0,0,0,5,0,0,5,0,0,0,0,5,5,Europe,Czech Republic,Ulicny,PASSERIFORMES
Certhia familiaris,Certhia familiaris,Ulicny25,0,7,0,0,157,0,0,164,0,0,0,0,164,164,Europe,Czech Republic,Ulicny,PASSERIFORMES
Chloris chloris,Carduelis chloris,Ulicny25,0,15,0,0,0,0,0,0,0,0,15,0,15,15,Europe,Czech Republic,Ulicny,PASSERIFORMES
Coccothraustes coccothraustes,Coccothraustes coccothraustes,Ulicny25,0,81,2,0,0,0,0,15,0,5,63,0,83,83,Europe,Czech Republic,Ulicny,PASSERIFORMES
Cyanistes caeruleus,Parus caeruleus,Ulicny25,0,488,11,0,0,6,0,226,0,8,270,1,505,505,Europe,Czech Republic,Ulicny,PASSERIFORMES
Dendrocopos major,Dendrocopos major,Ulicny25,0,33,0,0,55,0,0,58,0,22,8,0,88,88,Europe,Czech Republic,Ulicny,NONPASSERIFORMES
Dendrocoptes medius,Dendrocopos medius,Ulicny25,0,0,0,0,5,0,0,5,0,0,0,0,5,5,Europe,Czech Republic,Ulicny,NONPASSERIFORMES
Dryocopus martius,Dryocopus martius,Ulicny25,0,0,0,0,25,0,0,25,0,0,0,0,25,25,Europe,Czech Republic,Ulicny,NONPASSERIFORMES
Erithacus rubecula,Erithacus rubecula,Ulicny25,9,25,9,2,0,6,9,9,0,8,25,0,51,51,Europe,Czech Republic,Ulicny,PASSERIFORMES
Ficedula albicollis,Ficedula albicollis,Ulicny25,15,10,13,0,0,14,15,6,0,1,30,0,52,52,Europe,Czech Republic,Ulicny,PASSERIFORMES
Ficedula hypoleuca,Ficedula hypoleuca,Ulicny25,2,1,3,1,0,0,2,4,0,1,0,0,7,7,Europe,Czech Republic,Ulicny,PASSERIFORMES
Fringilla coelebs,Fringilla coelebs,Ulicny25,2,133,48,0,0,6,2,89,0,9,89,0,189,189,Europe,Czech Republic,Ulicny,PASSERIFORMES
Muscicapa striata,Muscicapa striata,Ulicny25,22,0,0,0,0,4,22,0,0,0,4,0,26,26,Europe,Czech Republic,Ulicny,PASSERIFORMES
Oriolus oriolus,Oriolus oriolus,Ulicny25,0,10,0,0,0,0,0,0,0,0,10,0,10,10,Europe,Czech Republic,Ulicny,PASSERIFORMES
Parus major,Parus major,Ulicny25,2,505,22,0,0,4,2,236,0,54,239,2,533,533,Europe,Czech Republic,Ulicny,PASSERIFORMES
Phoenicurus phoenicurus,Phoenicurus phoenicurus,Ulicny25,0,2,3,0,0,0,0,0,0,0,5,0,5,5,Europe,Czech Republic,Ulicny,PASSERIFORMES
Phylloscopus collybita,Phylloscopus collybita,Ulicny25,0,62,11,0,0,3,0,29,0,1,44,2,76,76,Europe,Czech Republic,Ulicny,PASSERIFORMES
Phylloscopus sibilatrix,Phylloscopus sibilatrix,Ulicny25,0,51,17,0,0,5,0,32,0,1,40,0,73,73,Europe,Czech Republic,Ulicny,PASSERIFORMES
Poecile palustris,Parus palustris,Ulicny25,0,71,5,0,0,4,0,44,0,0,36,0,80,80,Europe,Czech Republic,Ulicny,PASSERIFORMES
Sitta europaea,Sitta europaea,Ulicny25,1,155,3,0,339,1,1,428,0,3,59,8,499,499,Europe,Czech Republic,Ulicny,PASSERIFORMES
Sturnus vulgaris,Sturnus vulgaris,Ulicny25,0,7,0,0,0,0,0,7,0,0,0,0,7,7,Europe,Czech Republic,Ulicny,PASSERIFORMES
Sylvia atricapilla,Sylvia atricapilla,Ulicny25,0,106,7,0,0,5,0,31,0,0,87,0,118,118,Europe,Czech Republic,Ulicny,PASSERIFORMES
Sylvia borin,Sylvia borin,Ulicny25,0,7,0,0,0,1,0,1,0,0,7,0,8,8,Europe,Czech Republic,Ulicny,PASSERIFORMES
Troglodytes troglodytes,Troglodytes troglodytes,Ulicny25,0,47,0,0,0,0,0,34,0,9,4,0,47,47,Europe,Czech Republic,Ulicny,PASSERIFORMES
Turdus merula,Turdus merula,Ulicny25,0,239,0,0,0,0,0,10,0,228,1,0,239,239,Europe,Czech Republic,Ulicny,PASSERIFORMES
Turdus philomelos,Turdus philomelos,Ulicny25,0,34,0,0,0,0,0,2,0,32,0,0,34,34,Europe,Czech Republic,Ulicny,PASSERIFORMES
Turdus viscivorus,Turdus viscivorus,Ulicny25,0,5,0,0,0,0,0,2,0,0,3,0,5,5,Europe,Czech Republic,Ulicny,PASSERIFORMES
